0;1684974212;0,002030134;1684974212;;
0;1684974213;0,005992413;1684974213;;
0;1684974214;0,005997896;1684974214;;
0;1684974215;0,00897789;1684974215;;
0;1684974216;0,006991625;1684974216;;
0;1684974217;0,005989313;1684974217;;
0;1684974218;0,006999731;1684974218;;
0;1684974219;0,005998611;1684974219;;
0;1684974220;0,006010532;1684974220;;
0;1684974221;0,004997015;1684974221;;
0;1684974222;0,001997471;1684974222;;
0;1684974223;0,002992153;1684974223;;
0;1684974224;0,001003265;1684974224;;
0;1684974225;0,002005577;1684974225;;
0;1684974226;0,00199914;1684974226;;
0;1684974227;0,000993967;1684974227;;
0;1684974228;0,002998829;1684974228;;
0;1684974229;0,000999928;1684974229;;
0;1684974230;0,002997637;1684974230;;
0;1684974231;0,001999378;1684974231;;
0;1684974232;0,001038551;1684974232;;
0;1684974233;0,000996113;1684974233;;
0;1684974234;0,001995325;1684974234;;
0;1684974235;0,00200367;1684974235;;
0;1684974236;0,002003908;1684974236;;
0;1684974237;0,002007246;1684974237;;
0;1684974238;0,00398469;1684974238;;
0;1684974239;0,002002239;1684974239;;
0;1684974240;0,002012968;1684974240;;
0;1684974241;0,003006458;1684974241;;
0;1684974242;0,002003193;1684974242;;
0;1684974243;0,003003359;1684974243;;
0;1684974244;0,001995325;1684974244;;
0;1684974245;0,005010128;1684974245;;
0;1684974246;0,001962185;1684974246;;
0;1684974247;0,001999855;1684974247;;
0;1684974248;0,002000093;1684974248;;
0;1684974249;0,000989437;1684974249;;
0;1684974250;0,001973629;1684974250;;
0;1684974251;0,00199914;1684974251;;
0;1684974252;0,002002478;1684974252;;
0;1684974253;0,001964331;1684974253;;
0;1684974254;0,001360178;1684974254;;
0;1684974255;0,001005173;1684974255;;
0;1684974256;0,001965523;1684974256;;
0;1684974257;0,001044512;1684974257;;
0;1684974258;0,00100565;1684974258;;
0;1684974259;0,001003027;1684974259;;
0;1684974260;0,000998497;1684974260;;
0;1684974261;0,004020929;1684974261;;
0;1684974262;0,000994921;1684974262;;
0;1684974263;0,002004862;1684974263;;
0;1684974264;0,001961708;1684974264;;
0;1684974266;0,002002001;1684974266;;
0;1684974267;0,00199914;1684974267;;
0;1684974268;0,001996994;1684974268;;
0;1684974269;0,00198555;1684974269;;
0;1684974270;0,001008511;1684974270;;
0;1684974271;0,00099802;1684974271;;
0;1684974272;0,00199914;1684974272;;
0;1684974273;0,003004313;1684974273;;
0;1684974274;0,002023458;1684974274;;
0;1684974275;0,003998756;1684974275;;
0;1684974276;0,001042366;1684974276;;
0;1684974277;0,001999378;1684974277;;
0;1684974278;0,002010345;1684974278;;
0;1684974279;0,001995564;1684974279;;
0;1684974280;0,00199914;1684974280;;
0;1684974281;0,002012014;1684974281;;
0;1684974282;0,001004696;1684974282;;
0;1684974283;0,000964642;1684974283;;
0;1684974284;0,001035213;1684974284;;
0;1684974285;0,000999689;1684974285;;
0;1684974286;0,002001047;1684974286;;
0;1684974287;0,001997948;1684974287;;
0;1684974288;0,001991749;1684974288;;
0;1684974289;0,001993179;1684974289;;
0;1684974290;0,001939774;1684974290;;
0;1684974291;0,002996922;1684974291;;
0;1684974292;0,002001047;1684974292;;
0;1684974293;0,001995564;1684974293;;
0;1684974294;0,003012419;1684974294;;
0;1684974295;0,001005411;1684974295;;
0;1684974296;0,002985954;1684974296;;
0;1684974297;0,000968218;1684974297;;
0;1684974298;0,00200057;1684974298;;
0;1684974299;0,002004862;1684974299;;
0;1684974300;0,003007889;1684974300;;
0;1684974301;0,000997305;1684974301;;
0;1684974302;0,002002478;1684974302;;
0;1684974303;0,003007412;1684974303;;
0;1684974304;0,00199914;1684974304;;
0;1684974305;0,000994921;1684974305;;
0;1684974306;0,001998901;1684974306;;
0;1684974307;0,002001762;1684974307;;
0;1684974308;0,002000093;1684974308;;
0;1684974309;0,003006697;1684974309;;
0;1684974310;0,000994921;1684974310;;
0;1684974311;0,001993418;1684974311;;
0;1684974312;0,001004457;1684974312;;
1;1684974313;0,001997948;1684974313;;
1;1684974314;0,001997948;1684974314;;
1;1684974315;0,000989914;1684974315;;
1;1684974316;0,000997782;1684974316;;
1;1684974317;0,001985312;1684974317;;
1;1684974318;0,000998974;1684974318;;
1;1684974319;0,001997709;1684974319;;
1;1684974320;0,002001762;1684974320;;
1;1684974321;0,002002716;1684974321;;
1;1684974322;0,002000093;1684974322;;
1;1684974323;0,002995729;1684974323;;
1;1684974324;0,001000881;1684974324;;
1;1684974325;0,001551151;1684974325;;
1;1684974326;0,002001524;1684974326;;
1;1684974327;0,003001928;1684974327;;
1;1684974328;0,002003193;1684974328;;
1;1684974329;0,003001451;1684974329;;
1;1684974330;0,00200367;1684974330;;
1;1684974331;0,001007557;1684974331;;
1;1684974332;0,001995802;1684974332;;
1;1684974333;0,001996279;1684974333;;
1;1684974334;0,001998901;1684974334;;
1;1684974335;0,001992464;1684974335;;
1;1684974336;0,002004623;1684974336;;
1;1684974337;0,001998425;1684974337;;
1;1684974338;0,00201273;1684974338;;
1;1684974339;0,002001524;1684974339;;
1;1684974340;0,001997948;1684974340;;
1;1684974341;0,001996994;1684974341;;
1;1684974342;0,000997543;1684974342;;
1;1684974343;0,002002001;1684974343;;
1;1684974344;0,00200057;1684974344;;
1;1684974345;0,001996517;1684974345;;
1;1684974346;0,001995802;1684974346;;
1;1684974347;0,002000093;1684974347;;
1;1684974348;0,002006769;1684974348;;
1;1684974349;0,002001524;1684974349;;
1;1684974350;0,001997232;1684974350;;
1;1684974351;0,001999617;1684974351;;
1;1684974352;0,002001524;1684974352;;
1;1684974353;0,002997875;1684974353;;
1;1684974354;0,002004862;1684974354;;
1;1684974355;0,001005888;1684974355;;
1;1684974356;0,000994682;1684974356;;
1;1684974357;0,002005816;1684974357;;
1;1684974358;0,001998186;1684974358;;
1;1684974359;0,00200963;1684974359;;
1;1684974360;0,000998974;1684974360;;
1;1684974361;0,001963139;1684974361;;
1;1684974362;0,002989292;1684974362;;
1;1684974363;0,000961304;1684974363;;
1;1684974364;0,001999378;1684974364;;
1;1684974365;0,001997948;1684974365;;
1;1684974366;0,002006054;1684974366;;
1;1684974367;0,002007008;1684974367;;
1;1684974368;0,000997066;1684974368;;
1;1684974369;0,002001524;1684974369;;
1;1684974370;0,001998186;1684974370;;
1;1684974371;0,00099349;1684974371;;
1;1684974372;0,001988649;1684974372;;
1;1684974373;0,001995087;1684974373;;
1;1684974374;0,001010895;1684974374;;
1;1684974375;0,002002954;1684974375;;
1;1684974376;0,001997948;1684974376;;
1;1684974377;0,001999617;1684974377;;
1;1684974378;0,002002716;1684974378;;
1;1684974379;0,002002954;1684974379;;
1;1684974380;0,000998259;1684974380;;
1;1684974381;0,000998497;1684974381;;
1;1684974383;0,002000332;1684974383;;
1;1684974384;0,000999928;1684974384;;
1;1684974385;0,00100708;1684974385;;
1;1684974386;0,001998425;1684974386;;
1;1684974387;0,002000093;1684974387;;
1;1684974388;0,002995014;1684974388;;
1;1684974389;0,002002001;1684974389;;
1;1684974390;0,00200057;1684974390;;
1;1684974391;0,004007578;1684974391;;
1;1684974392;0,002987862;1684974392;;
1;1684974393;0,001000404;1684974393;;
1;1684974394;0,002003431;1684974394;;
1;1684974395;0,000997782;1684974395;;
1;1684974396;0,000999451;1684974396;;
1;1684974397;0,000991821;1684974397;;
1;1684974398;0,003001928;1684974398;;
1;1684974399;0,001004934;1684974399;;
1;1684974400;0,000999451;1684974400;;
1;1684974401;0,001000166;1684974401;;
1;1684974402;0,002000093;1684974402;;
1;1684974403;0,001996517;1684974403;;
1;1684974404;0,000998259;1684974404;;
1;1684974405;0,002002239;1684974405;;
1;1684974406;0,000995398;1684974406;;
1;1684974407;0,001001358;1684974407;;
1;1684974408;0,002012253;1684974408;;
1;1684974409;0,002001047;1684974409;;
1;1684974410;0,000998735;1684974410;;
1;1684974411;0,001998901;1684974411;;
1;1684974412;0,001996279;1684974412;;
1;1684974413;0,00199461;1684974413;;
2;1684974414;0,002000332;1684974414;;
2;1684974415;0,003982306;1684974415;;
2;1684974416;0,002027512;1684974416;;
2;1684974417;0,0020051;1684974417;;
2;1684974418;0,002001286;1684974418;;
2;1684974419;0,000991106;1684974419;;
2;1684974420;0,001997709;1684974420;;
2;1684974421;0,001997948;1684974421;;
2;1684974422;0,001994133;1684974422;;
2;1684974423;0,002000093;1684974423;;
2;1684974424;0,001990318;1684974424;;
2;1684974425;0,001997948;1684974425;;
2;1684974426;0,001997232;1684974426;;
2;1684974427;0,00198555;1684974427;;
2;1684974428;0,002001286;1684974428;;
2;1684974429;0,00199914;1684974429;;
2;1684974430;0,001997471;1684974430;;
2;1684974431;0,002984524;1684974431;;
2;1684974432;0,001999617;1684974432;;
2;1684974433;0,002000093;1684974433;;
2;1684974434;0,001998425;1684974434;;
2;1684974435;0,001942873;1684974435;;
2;1684974436;0,002001524;1684974436;;
2;1684974437;0,000998497;1684974437;;
2;1684974438;0,001998663;1684974438;;
2;1684974439;0,002005816;1684974439;;
2;1684974440;0,00099349;1684974440;;
2;1684974441;0,002001762;1684974441;;
2;1684974442;0,001997471;1684974442;;
2;1684974443;0,001979589;1684974443;;
2;1684974444;0,000994205;1684974444;;
2;1684974445;0,001963139;1684974445;;
2;1684974446;0,002009392;1684974446;;
2;1684974447;0,002005577;1684974447;;
2;1684974448;0,001004934;1684974448;;
2;1684974449;0,001996279;1684974449;;
2;1684974450;0,001995802;1684974450;;
2;1684974451;0,001995325;1684974451;;
2;1684974452;0,001001596;1684974452;;
2;1684974453;0,002004385;1684974453;;
2;1684974454;0,000995398;1684974454;;
2;1684974455;0,001956224;1684974455;;
2;1684974456;0,002000809;1684974456;;
2;1684974457;0,001957893;1684974457;;
2;1684974458;0,001000166;1684974458;;
2;1684974459;0,000985861;1684974459;;
2;1684974460;0,001997709;1684974460;;
2;1684974461;0,002004147;1684974461;;
2;1684974462;0,001998425;1684974462;;
2;1684974463;0,002007961;1684974463;;
2;1684974464;0,00100255;1684974464;;
2;1684974465;0,000989199;1684974465;;
2;1684974466;0,002001047;1684974466;;
2;1684974467;0,001998901;1684974467;;
2;1684974468;0,002007008;1684974468;;
2;1684974469;0,001999617;1684974469;;
2;1684974470;0,00100112;1684974470;;
2;1684974471;0,002006292;1684974471;;
2;1684974472;0,00200367;1684974472;;
2;1684974473;0,002003193;1684974473;;
2;1684974474;0,002004385;1684974474;;
2;1684974475;0,003019571;1684974475;;
2;1684974476;0,001005411;1684974476;;
2;1684974477;0,00199461;1684974477;;
2;1684974478;0,002003431;1684974478;;
2;1684974479;0,001986742;1684974479;;
2;1684974480;0,00199604;1684974480;;
2;1684974481;0,00199914;1684974481;;
2;1684974482;0,004010201;1684974482;;
2;1684974483;0,001998663;1684974483;;
2;1684974484;0,001951933;1684974484;;
2;1684974485;0,001988888;1684974485;;
2;1684974486;0,000997305;1684974486;;
2;1684974487;0,001005173;1684974487;;
2;1684974488;0,002000809;1684974488;;
2;1684974489;0,002000809;1684974489;;
2;1684974490;0,001998901;1684974490;;
2;1684974492;0,001966476;1684974492;;
2;1684974493;0,001009464;1684974493;;
2;1684974494;0,002006054;1684974494;;
2;1684974495;0,000999689;1684974495;;
2;1684974496;0,002001047;1684974496;;
2;1684974497;0,002001047;1684974497;;
2;1684974498;0,001999855;1684974498;;
2;1684974499;0,002000093;1684974499;;
2;1684974500;0,001996756;1684974500;;
2;1684974501;0,0020051;1684974501;;
2;1684974502;0,001999378;1684974502;;
2;1684974503;0,002001047;1684974503;;
2;1684974504;0,001004219;1684974504;;
2;1684974505;0,001995087;1684974505;;
2;1684974506;0,001996517;1684974506;;
2;1684974507;0,002001524;1684974507;;
2;1684974508;0,001996517;1684974508;;
2;1684974509;0,001963139;1684974509;;
2;1684974510;0,001974821;1684974510;;
2;1684974511;0,002008915;1684974511;;
2;1684974512;0,001993895;1684974512;;
2;1684974513;0,002998829;1684974513;;
2;1684974514;0,000999689;1684974514;;
3;1684974515;0,00186348;1684974515;;
3;1684974516;0,003004074;1684974516;;
3;1684974517;0,001996279;1684974517;;
3;1684974518;0,001997232;1684974518;;
3;1684974519;0,002001047;1684974519;;
3;1684974520;0,001995325;1684974520;;
3;1684974521;0,00100565;1684974521;;
3;1684974522;0,001008034;1684974522;;
3;1684974523;0,001998901;1684974523;;
3;1684974524;0,002001524;1684974524;;
3;1684974525;0,000999212;1684974525;;
3;1684974526;0,001998186;1684974526;;
3;1684974527;0,001013041;1684974527;;
3;1684974528;0,001999378;1684974528;;
3;1684974529;0,00147748;1684974529;;
3;1684974530;0,002003193;1684974530;;
3;1684974531;0,001646042;1684974531;;
3;1684974532;0,000998497;1684974532;;
3;1684974533;0,001777172;1684974533;;
3;1684974534;0,001740217;1684974534;;
3;1684974535;0,002002716;1684974535;;
3;1684974536;0,001011848;1684974536;;
3;1684974537;0,00198698;1684974537;;
3;1684974538;0,001003265;1684974538;;
3;1684974539;0,002002716;1684974539;;
3;1684974540;0,001994371;1684974540;;
3;1684974541;0,00200057;1684974541;;
3;1684974542;0,001995325;1684974542;;
3;1684974543;0,002002478;1684974543;;
3;1684974544;0,002006292;1684974544;;
3;1684974545;0,001003027;1684974545;;
3;1684974546;0,001004696;1684974546;;
3;1684974547;0,002007246;1684974547;;
3;1684974548;0,001999855;1684974548;;
3;1684974549;0,002002001;1684974549;;
3;1684974550;0,001996994;1684974550;;
3;1684974551;0,000985384;1684974551;;
3;1684974552;0,001998663;1684974552;;
3;1684974553;0,001997232;1684974553;;
3;1684974554;0,00200057;1684974554;;
3;1684974555;0,002000332;1684974555;;
3;1684974556;0,002003431;1684974556;;
3;1684974557;0,002002478;1684974557;;
3;1684974558;0,002002239;1684974558;;
3;1684974559;0,001959324;1684974559;;
3;1684974560;0,001994371;1684974560;;
3;1684974561;0,002006769;1684974561;;
3;1684974562;0,001999378;1684974562;;
3;1684974563;0,001999378;1684974563;;
3;1684974564;0,002006769;1684974564;;
3;1684974565;0,001997471;1684974565;;
3;1684974566;0,0020051;1684974566;;
3;1684974567;0,002007246;1684974567;;
3;1684974568;0,002000093;1684974568;;
3;1684974569;0,001998186;1684974569;;
3;1684974570;0,002003431;1684974570;;
3;1684974571;0,001999617;1684974571;;
3;1684974572;0,002001762;1684974572;;
3;1684974573;0,00200057;1684974573;;
3;1684974574;0,001995564;1684974574;;
3;1684974575;0,002002716;1684974575;;
3;1684974576;0,001004457;1684974576;;
3;1684974577;0,002005577;1684974577;;
3;1684974578;0,002001524;1684974578;;
3;1684974579;0,001999617;1684974579;;
3;1684974580;0,001995564;1684974580;;
3;1684974581;0,002000809;1684974581;;
3;1684974582;0,002000093;1684974582;;
3;1684974583;0,001998663;1684974583;;
3;1684974584;0,002003908;1684974584;;
3;1684974585;0,001985312;1684974585;;
3;1684974586;0,001997232;1684974586;;
3;1684974587;0,002001286;1684974587;;
3;1684974589;0,002013922;1684974589;;
3;1684974590;0,002002239;1684974590;;
3;1684974591;0,001997948;1684974591;;
3;1684974592;0,001997232;1684974592;;
3;1684974593;0,002004385;1684974593;;
3;1684974594;0,002004385;1684974594;;
3;1684974595;0,001999617;1684974595;;
3;1684974596;0,001987219;1684974596;;
3;1684974597;0,001998663;1684974597;;
3;1684974598;0,001993656;1684974598;;
3;1684974599;0,001998663;1684974599;;
3;1684974600;0,001998425;1684974600;;
3;1684974601;0,001996279;1684974601;;
3;1684974602;0,002010822;1684974602;;
3;1684974603;0,002004862;1684974603;;
3;1684974604;0,001998901;1684974604;;
3;1684974605;0,00199914;1684974605;;
3;1684974606;0,001998901;1684974606;;
3;1684974607;0,002005816;1684974607;;
3;1684974608;0,00100112;1684974608;;
3;1684974609;0,001995087;1684974609;;
3;1684974610;0,00200367;1684974610;;
3;1684974611;0,002000809;1684974611;;
3;1684974612;0,002015114;1684974612;;
3;1684974613;0,0020082;1684974613;;
3;1684974614;0,002000093;1684974614;;
3;1684974615;0,002012253;1684974615;;
4;1684974616;0,000998497;1684974616;;
4;1684974617;0,001995802;1684974617;;
4;1684974618;0,002001524;1684974618;;
4;1684974619;0,001999378;1684974619;;
4;1684974620;0,002364635;1684974620;;
4;1684974621;0,001017809;1684974621;;
4;1684974622;0,001944304;1684974622;;
4;1684974623;0,002008677;1684974623;;
4;1684974624;0,001996756;1684974624;;
4;1684974625;0,001998186;1684974625;;
4;1684974626;0,002009392;1684974626;;
4;1684974627;0,001870394;1684974627;;
4;1684974628;0,002009869;1684974628;;
4;1684974629;0,001996756;1684974629;;
4;1684974630;0,002004147;1684974630;;
4;1684974631;0,002006054;1684974631;;
4;1684974632;0,001008511;1684974632;;
4;1684974633;0,001998663;1684974633;;
4;1684974634;0,001996517;1684974634;;
4;1684974635;0,002004862;1684974635;;
4;1684974636;0,001996994;1684974636;;
4;1684974637;0,002004623;1684974637;;
4;1684974638;0,00199604;1684974638;;
4;1684974639;0,002011061;1684974639;;
4;1684974640;0,001992464;1684974640;;
4;1684974641;0,002002954;1684974641;;
4;1684974642;0,002008915;1684974642;;
4;1684974643;0,001004457;1684974643;;
4;1684974644;0,001998901;1684974644;;
4;1684974645;0,00099349;1684974645;;
4;1684974646;0,001992464;1684974646;;
4;1684974647;0,001003742;1684974647;;
4;1684974648;0,002005577;1684974648;;
4;1684974649;0,002002478;1684974649;;
4;1684974650;0,002000332;1684974650;;
4;1684974651;0,002007008;1684974651;;
4;1684974652;0,002009153;1684974652;;
4;1684974653;0,002001524;1684974653;;
4;1684974654;0,001998901;1684974654;;
4;1684974655;0,002003193;1684974655;;
4;1684974656;0,001997709;1684974656;;
4;1684974657;0,001997709;1684974657;;
4;1684974658;0,00199914;1684974658;;
4;1684974659;0,00199461;1684974659;;
4;1684974660;0,001988888;1684974660;;
4;1684974661;0,002001047;1684974661;;
4;1684974662;0,001005173;1684974662;;
4;1684974663;0,002004385;1684974663;;
4;1684974664;0,001997709;1684974664;;
4;1684974665;0,00199604;1684974665;;
4;1684974666;0,00100112;1684974666;;
4;1684974667;0,001006603;1684974667;;
4;1684974668;0,001000643;1684974668;;
4;1684974669;0,001999378;1684974669;;
4;1684974670;0,002020597;1684974670;;
4;1684974672;0,001999378;1684974672;;
4;1684974673;0,001998663;1684974673;;
4;1684974674;0,002003193;1684974674;;
4;1684974675;0,001012564;1684974675;;
4;1684974676;0,001995325;1684974676;;
4;1684974677;0,001006126;1684974677;;
4;1684974678;0,002005339;1684974678;;
4;1684974679;0,002002239;1684974679;;
4;1684974680;0,001995564;1684974680;;
4;1684974681;0,00100565;1684974681;;
4;1684974682;0,00101018;1684974682;;
4;1684974683;0,001997471;1684974683;;
4;1684974684;0,001991749;1684974684;;
4;1684974685;0,00099659;1684974685;;
4;1684974686;0,001996756;1684974686;;
4;1684974687;0,001009703;1684974687;;
4;1684974688;0,001833916;1684974688;;
4;1684974689;0,001998901;1684974689;;
4;1684974690;0,002011776;1684974690;;
4;1684974691;0,001996756;1684974691;;
4;1684974692;0,002003908;1684974692;;
4;1684974693;0,001814127;1684974693;;
4;1684974694;0,00220561;1684974694;;
4;1684974695;0,000965118;1684974695;;
4;1684974696;0,002004623;1684974696;;
4;1684974697;0,00200057;1684974697;;
4;1684974698;0,00099659;1684974698;;
4;1684974699;0,002016544;1684974699;;
4;1684974700;0,000998735;1684974700;;
4;1684974701;0,001001596;1684974701;;
4;1684974702;0,001993179;1684974702;;
4;1684974703;0,002000332;1684974703;;
4;1684974704;0,001987696;1684974704;;
4;1684974705;0,001924992;1684974705;;
4;1684974706;0,001000166;1684974706;;
4;1684974707;0,001999855;1684974707;;
4;1684974708;0,00099659;1684974708;;
4;1684974709;0,002000332;1684974709;;
4;1684974710;0,001998663;1684974710;;
4;1684974711;0,001003504;1684974711;;
4;1684974712;0,001996279;1684974712;;
4;1684974713;0,000997066;1684974713;;
4;1684974714;0,001985788;1684974714;;
4;1684974715;0,002001047;1684974715;;
4;1684974716;0,001996756;1684974716;;
5;1684974717;0,002001047;1684974717;;
5;1684974718;0,001997471;1684974718;;
5;1684974719;0,001998425;1684974719;;
5;1684974720;0,001996994;1684974720;;
5;1684974721;0,001997232;1684974721;;
5;1684974722;0,000990152;1684974722;;
5;1684974723;0,001973629;1684974723;;
5;1684974724;0,001989603;1684974724;;
5;1684974725;0,001999378;1684974725;;
5;1684974726;0,001007557;1684974726;;
5;1684974727;0,001996279;1684974727;;
5;1684974728;0,001013041;1684974728;;
5;1684974729;0,00199604;1684974729;;
5;1684974730;0,002002001;1684974730;;
5;1684974731;0,001990318;1684974731;;
5;1684974732;0,001001358;1684974732;;
5;1684974733;0,000992298;1684974733;;
5;1684974734;0,001008034;1684974734;;
5;1684974735;0,001999855;1684974735;;
5;1684974736;0,002004623;1684974736;;
5;1684974737;0,001007557;1684974737;;
5;1684974738;0,00099802;1684974738;;
5;1684974739;0,001000166;1684974739;;
5;1684974740;0,000999212;1684974740;;
5;1684974741;0,002000332;1684974741;;
5;1684974742;0,001000404;1684974742;;
5;1684974743;0,002009153;1684974743;;
5;1684974744;0,001998425;1684974744;;
5;1684974745;0,002003431;1684974745;;
5;1684974746;0,000993729;1684974746;;
5;1684974747;0,002002478;1684974747;;
5;1684974748;0,000989914;1684974748;;
5;1684974749;0,001001596;1684974749;;
5;1684974750;0,001000881;1684974750;;
5;1684974751;0,001001596;1684974751;;
5;1684974752;0,001999855;1684974752;;
5;1684974753;0,001001358;1684974753;;
5;1684974754;0,001988888;1684974754;;
5;1684974755;0,000972509;1684974755;;
5;1684974756;0,001988173;1684974756;;
5;1684974757;0,001001596;1684974757;;
5;1684974758;0,002002716;1684974758;;
5;1684974759;0,002001286;1684974759;;
5;1684974760;0,00100112;1684974760;;
5;1684974761;0,001997471;1684974761;;
5;1684974762;0,001999855;1684974762;;
5;1684974763;0,002004385;1684974763;;
5;1684974764;0,001003265;1684974764;;
5;1684974765;0,0020051;1684974765;;
5;1684974767;0,001702785;1684974767;;
5;1684974768;0,002007246;1684974768;;
5;1684974769;0,00153017;1684974769;;
5;1684974770;0,000959635;1684974770;;
5;1684974771;0,001992464;1684974771;;
5;1684974772;0,00100255;1684974772;;
5;1684974773;0,001997948;1684974773;;
5;1684974774;0,001990557;1684974774;;
5;1684974775;0,001993179;1684974775;;
5;1684974776;0,001978636;1684974776;;
5;1684974777;0,002002716;1684974777;;
5;1684974778;0,001741886;1684974778;;
5;1684974779;0,001006126;1684974779;;
5;1684974780;0,001015425;1684974780;;
5;1684974781;0,001991987;1684974781;;
5;1684974782;0,001001835;1684974782;;
5;1684974783;0,001998425;1684974783;;
5;1684974784;0,001000404;1684974784;;
5;1684974785;0,002001047;1684974785;;
5;1684974786;0,001001835;1684974786;;
5;1684974787;0,001998901;1684974787;;
5;1684974788;0,002000093;1684974788;;
5;1684974789;0,002007246;1684974789;;
5;1684974790;0,002001047;1684974790;;
5;1684974791;0,001997232;1684974791;;
5;1684974792;0,001000881;1684974792;;
5;1684974793;0,00199604;1684974793;;
5;1684974794;0,00101614;1684974794;;
5;1684974795;0,002001286;1684974795;;
5;1684974796;0,001991749;1684974796;;
5;1684974797;0,001994371;1684974797;;
5;1684974798;0,002007008;1684974798;;
5;1684974799;0,001997948;1684974799;;
5;1684974800;0,002006531;1684974800;;
5;1684974801;0,001998901;1684974801;;
5;1684974802;0,000991344;1684974802;;
5;1684974803;0,002000809;1684974803;;
5;1684974804;0,002009392;1684974804;;
5;1684974805;0,001966476;1684974805;;
5;1684974806;0,002000332;1684974806;;
5;1684974807;0,001009464;1684974807;;
5;1684974808;0,001004696;1684974808;;
5;1684974809;0,001996279;1684974809;;
5;1684974810;0,000998974;1684974810;;
5;1684974811;0,00199914;1684974811;;
5;1684974812;0,002003431;1684974812;;
5;1684974813;0,001021147;1684974813;;
5;1684974814;0,000999928;1684974814;;
5;1684974815;0,002001286;1684974815;;
5;1684974816;0,001999378;1684974816;;
5;1684974817;0,001993656;1684974817;;
6;1684974818;0,001997471;1684974818;;
6;1684974819;0,002000093;1684974819;;
6;1684974820;0,002006531;1684974820;;
6;1684974821;0,001001596;1684974821;;
6;1684974822;0,000998974;1684974822;;
6;1684974823;0,000999928;1684974823;;
6;1684974824;0,001998186;1684974824;;
6;1684974825;0,000999689;1684974825;;
6;1684974826;0,001000166;1684974826;;
6;1684974827;0,001991987;1684974827;;
6;1684974828;0,001000643;1684974828;;
6;1684974829;0,001991987;1684974829;;
6;1684974830;0,001007557;1684974830;;
6;1684974831;0,000993729;1684974831;;
6;1684974832;0,001000881;1684974832;;
6;1684974833;0,001983404;1684974833;;
6;1684974834;0,002006769;1684974834;;
6;1684974835;0,001008511;1684974835;;
6;1684974836;0,00100112;1684974836;;
6;1684974837;0,001993179;1684974837;;
6;1684974838;0,001998901;1684974838;;
6;1684974839;0,00100565;1684974839;;
6;1684974840;0,001989126;1684974840;;
6;1684974841;0,002007484;1684974841;;
6;1684974842;0,001660347;1684974842;;
6;1684974843;0,002906322;1684974843;;
6;1684974844;0,001758575;1684974844;;
6;1684974845;0,001991749;1684974845;;
6;1684974846;0,002013206;1684974846;;
6;1684974847;0,002004862;1684974847;;
6;1684974848;0,001980782;1684974848;;
6;1684974849;0,001015663;1684974849;;
6;1684974850;0,00199914;1684974850;;
6;1684974851;0,001002073;1684974851;;
6;1684974852;0,002002716;1684974852;;
6;1684974853;0,002318859;1684974853;;
6;1684974854;0,00100112;1684974854;;
6;1684974855;0,000996113;1684974855;;
6;1684974856;0,000989199;1684974856;;
6;1684974857;0,002002239;1684974857;;
6;1684974858;0,001996517;1684974858;;
6;1684974859;0,001006842;1684974859;;
6;1684974860;0,002016544;1684974861;;
6;1684974862;0,001003265;1684974862;;
6;1684974863;0,002001286;1684974863;;
6;1684974864;0,002007723;1684974864;;
6;1684974865;0,001999378;1684974865;;
6;1684974866;0,002009392;1684974866;;
6;1684974867;0,002004147;1684974867;;
6;1684974868;0,000990868;1684974868;;
6;1684974869;0,000997543;1684974869;;
6;1684974870;0,002002239;1684974870;;
6;1684974871;0,00199461;1684974871;;
6;1684974872;0,00198245;1684974872;;
6;1684974873;0,001997948;1684974873;;
6;1684974874;0,001003027;1684974874;;
6;1684974875;0,002012491;1684974875;;
6;1684974876;0,001005173;1684974876;;
6;1684974877;0,002015352;1684974877;;
6;1684974878;0,001998186;1684974878;;
6;1684974879;0,001007795;1684974879;;
6;1684974880;0,001991272;1684974880;;
6;1684974881;0,001012802;1684974881;;
6;1684974882;0,001995564;1684974882;;
6;1684974883;0,001007795;1684974883;;
6;1684974884;0,00200963;1684974884;;
6;1684974885;0,001003981;1684974885;;
6;1684974886;0,000991106;1684974886;;
6;1684974887;0,002009869;1684974887;;
6;1684974888;0,00100565;1684974888;;
6;1684974889;0,002001762;1684974889;;
6;1684974890;0,001996517;1684974890;;
6;1684974891;0,000982761;1684974891;;
6;1684974892;0,002003908;1684974892;;
6;1684974893;0,000991583;1684974893;;
6;1684974894;0,000996351;1684974894;;
6;1684974895;0,001005173;1684974895;;
6;1684974896;0,000994682;1684974896;;
6;1684974897;0,001994848;1684974897;;
6;1684974898;0,00200057;1684974898;;
6;1684974899;0,001997709;1684974899;;
6;1684974900;0,001991749;1684974900;;
6;1684974901;0,000995398;1684974901;;
6;1684974902;0,002007246;1684974902;;
6;1684974903;0,002001286;1684974903;;
6;1684974904;0,000981569;1684974904;;
6;1684974905;0,002006054;1684974905;;
6;1684974906;0,001005411;1684974906;;
6;1684974907;0,00099802;1684974907;;
6;1684974908;0,001006842;1684974908;;
6;1684974909;0,001999617;1684974909;;
6;1684974910;0,001998425;1684974910;;
6;1684974911;0,001004457;1684974911;;
6;1684974912;0,000999689;1684974912;;
6;1684974913;0,00200367;1684974913;;
6;1684974914;0,001998663;1684974914;;
6;1684974915;0,001989841;1684974915;;
6;1684974916;0,00099802;1684974916;;
6;1684974917;0,000994682;1684974917;;
6;1684974918;0,002005577;1684974918;;
7;1684974919;0,001000643;1684974919;;
7;1684974920;0,00203371;1684974920;;
7;1684974921;0,000989914;1684974921;;
7;1684974922;0,001001835;1684974922;;
7;1684974923;0,002184629;1684974923;;
7;1684974924;0,001102448;1684974924;;
7;1684974925;0,001000881;1684974925;;
7;1684974926;0,00100565;1684974926;;
7;1684974927;0,001992464;1684974927;;
7;1684974928;0,002009869;1684974928;;
7;1684974929;0,001005411;1684974929;;
7;1684974930;0,001007318;1684974930;;
7;1684974931;0,001003981;1684974931;;
7;1684974932;0,001840353;1684974932;;
7;1684974933;0,002257109;1684974933;;
7;1684974934;0,001673937;1684974934;;
7;1684974935;0,002003193;1684974935;;
7;1684974936;0,002003908;1684974936;;
7;1684974937;0,00199914;1684974937;;
7;1684974938;0,001000166;1684974938;;
7;1684974939;0,00100255;1684974939;;
7;1684974940;0,001993418;1684974940;;
7;1684974941;0,001006126;1684974941;;
7;1684974942;0,000999928;1684974942;;
7;1684974943;0,001997471;1684974943;;
7;1684974944;0,002002239;1684974944;;
7;1684974945;0,001003265;1684974945;;
7;1684974946;0,001997232;1684974946;;
7;1684974947;0,001999617;1684974947;;
7;1684974948;0,000999212;1684974948;;
7;1684974949;0,002000093;1684974949;;
7;1684974950;0,001000643;1684974950;;
7;1684974951;0,002003193;1684974951;;
7;1684974952;0,001002789;1684974952;;
7;1684974953;0,000997782;1684974953;;
7;1684974954;0,001000166;1684974954;;
7;1684974955;0,002003193;1684974955;;
7;1684974956;0,002007246;1684974956;;
7;1684974958;0,001997471;1684974958;;
7;1684974959;0,002001524;1684974959;;
7;1684974960;0,001976728;1684974960;;
7;1684974961;0,00300622;1684974961;;
7;1684974962;0,002009153;1684974962;;
7;1684974963;0,001006603;1684974963;;
7;1684974964;0,001999378;1684974964;;
7;1684974965;0,002005816;1684974965;;
7;1684974966;0,00199461;1684974966;;
7;1684974967;0,000990391;1684974967;;
7;1684974968;0,002000809;1684974968;;
7;1684974969;0,000999689;1684974969;;
7;1684974970;0,001006365;1684974970;;
7;1684974971;0,002001762;1684974971;;
7;1684974972;0,000989676;1684974972;;
7;1684974973;0,001997709;1684974973;;
7;1684974974;0,001997232;1684974974;;
7;1684974975;0,000962734;1684974975;;
7;1684974976;0,002015591;1684974976;;
7;1684974977;0,002004147;1684974977;;
7;1684974978;0,001003265;1684974978;;
7;1684974979;0,001002073;1684974979;;
7;1684974980;0,00200057;1684974980;;
7;1684974981;0,002002239;1684974981;;
7;1684974982;0,001000404;1684974982;;
7;1684974983;0,000999451;1684974983;;
7;1684974984;0,001006126;1684974984;;
7;1684974985;0,001002073;1684974985;;
7;1684974986;0,002014875;1684974986;;
7;1684974987;0,001998663;1684974987;;
7;1684974988;0,002016068;1684974988;;
7;1684974989;0,00099349;1684974989;;
7;1684974990;0,000991821;1684974990;;
7;1684974991;0,001003027;1684974991;;
7;1684974992;0,000994205;1684974992;;
7;1684974993;0,001004934;1684974993;;
7;1684974994;0,0020051;1684974994;;
7;1684974995;0,002335548;1684974995;;
7;1684974996;0,000987768;1684974996;;
7;1684974997;0,000999212;1684974997;;
7;1684974998;0,002005577;1684974998;;
7;1684974999;0,002004623;1684974999;;
7;1684975000;0,002000093;1684975000;;
7;1684975001;0,00100255;1684975001;;
7;1684975002;0,00102067;1684975002;;
7;1684975003;0,001605988;1684975003;;
7;1684975004;0,001786947;1684975004;;
7;1684975005;0,001738787;1684975005;;
7;1684975006;0,001002789;1684975006;;
7;1684975007;0,002183676;1684975007;;
7;1684975008;0,000996828;1684975008;;
7;1684975009;0,002005816;1684975009;;
7;1684975010;0,003005028;1684975010;;
7;1684975011;0,000966311;1684975011;;
7;1684975012;0,001997232;1684975012;;
7;1684975013;0,00100255;1684975013;;
7;1684975014;0,001996517;1684975014;;
7;1684975015;0,001686335;1684975015;;
7;1684975016;0,00201726;1684975016;;
7;1684975017;0,001078129;1684975017;;
7;1684975018;0,000997782;1684975018;;
7;1684975019;0,002000332;1684975019;;
8;1684975020;0,001995087;1684975020;;
8;1684975021;0,001008749;1684975021;;
8;1684975022;0,001002789;1684975022;;
8;1684975023;0,00199914;1684975023;;
8;1684975024;0,000993252;1684975024;;
8;1684975025;0,000997066;1684975025;;
8;1684975026;0,002002001;1684975026;;
8;1684975027;0,001006126;1684975027;;
8;1684975028;0,001014233;1684975028;;
8;1684975029;0,002006531;1684975029;;
8;1684975030;0,001002073;1684975030;;
8;1684975031;0,001002789;1684975031;;
8;1684975032;0,001002073;1684975032;;
8;1684975033;0,00199914;1684975033;;
8;1684975034;0,002002954;1684975034;;
8;1684975035;0,0020051;1684975035;;
8;1684975036;0,000994205;1684975036;;
8;1684975037;0,001000881;1684975037;;
8;1684975038;0,001013756;1684975038;;
8;1684975039;0,002001524;1684975039;;
8;1684975040;0,002002001;1684975040;;
8;1684975041;0,001999855;1684975041;;
8;1684975042;0,00199914;1684975042;;
8;1684975043;0,001996517;1684975043;;
8;1684975044;0,002001047;1684975044;;
8;1684975045;0,002004147;1684975045;;
8;1684975046;0,000983477;1684975046;;
8;1684975047;0,00200057;1684975047;;
8;1684975048;0,001004457;1684975048;;
8;1684975049;0,001998901;1684975049;;
8;1684975050;0,001016378;1684975050;;
8;1684975051;0,001002073;1684975051;;
8;1684975052;0,00099802;1684975052;;
8;1684975054;0,002010822;1684975054;;
8;1684975055;0,001998425;1684975055;;
8;1684975056;0,002001047;1684975056;;
8;1684975057;0,001000881;1684975057;;
8;1684975058;0,00201273;1684975058;;
8;1684975059;0,002001524;1684975059;;
8;1684975060;0,000998259;1684975060;;
8;1684975061;0,002007008;1684975061;;
8;1684975062;0,001013756;1684975062;;
8;1684975063;0,001006603;1684975063;;
8;1684975064;0,001002312;1684975064;;
8;1684975065;0,002002954;1684975065;;
8;1684975066;0,002215624;1684975066;;
8;1684975067;0,000996113;1684975067;;
8;1684975068;0,002002716;1684975068;;
8;1684975069;0,002000093;1684975069;;
8;1684975070;0,001998901;1684975070;;
8;1684975071;0,001003027;1684975071;;
8;1684975072;0,000997305;1684975072;;
8;1684975073;0,001004696;1684975073;;
8;1684975074;0,002018213;1684975074;;
8;1684975075;0,001998425;1684975075;;
8;1684975076;0,000998974;1684975076;;
8;1684975077;0,001993418;1684975077;;
8;1684975078;0,001994848;1684975078;;
8;1684975079;0,000998259;1684975079;;
8;1684975080;0,002006531;1684975080;;
8;1684975081;0,001994371;1684975081;;
8;1684975082;0,001003981;1684975082;;
8;1684975083;0,000991106;1684975083;;
8;1684975084;0,001996994;1684975084;;
8;1684975085;0,00200367;1684975085;;
8;1684975086;0,001996279;1684975086;;
8;1684975087;0,002010345;1684975087;;
8;1684975088;0,001684427;1684975088;;
8;1684975089;0,001994848;1684975089;;
8;1684975090;0,00100255;1684975090;;
8;1684975091;0,001007318;1684975091;;
8;1684975092;0,001010895;1684975092;;
8;1684975093;0,000997782;1684975093;;
8;1684975094;0,000988245;1684975094;;
8;1684975095;0,00199461;1684975095;;
8;1684975096;0,002000332;1684975096;;
8;1684975097;0,001003504;1684975097;;
8;1684975098;0,001001596;1684975098;;
8;1684975099;0,002001762;1684975099;;
8;1684975100;0,001008749;1684975100;;
8;1684975101;0,002012491;1684975101;;
8;1684975102;0,000999212;1684975102;;
8;1684975103;0,000998974;1684975103;;
8;1684975104;0,002001524;1684975104;;
8;1684975105;0,001997709;1684975105;;
8;1684975106;0,002004385;1684975106;;
8;1684975107;0,002210617;1684975107;;
8;1684975108;0,001019478;1684975108;;
8;1684975109;0,001996279;1684975109;;
8;1684975110;0,002001047;1684975110;;
8;1684975111;0,001000166;1684975111;;
8;1684975112;0,001000881;1684975112;;
8;1684975113;0,001022816;1684975113;;
8;1684975114;0,001010656;1684975114;;
8;1684975115;0,001001835;1684975115;;
8;1684975116;0,001013517;1684975116;;
8;1684975117;0,002006292;1684975117;;
8;1684975118;0,001984119;1684975118;;
8;1684975119;0,002019882;1684975119;;
8;1684975120;0,001995325;1684975120;;
9;1684975121;0,001998186;1684975121;;
9;1684975122;0,002002716;1684975122;;
9;1684975123;0,002002716;1684975123;;
9;1684975124;0,00200367;1684975124;;
9;1684975125;0,00199914;1684975125;;
9;1684975126;0,001997471;1684975126;;
9;1684975127;0,001997709;1684975127;;
9;1684975128;0,001995564;1684975128;;
9;1684975129;0,000995159;1684975129;;
9;1684975130;0,001002312;1684975130;;
9;1684975131;0,001003027;1684975131;;
9;1684975132;0,001007557;1684975132;;
9;1684975133;0,002003908;1684975133;;
9;1684975134;0,000964642;1684975134;;
9;1684975135;0,000993729;1684975135;;
9;1684975136;0,001003504;1684975136;;
9;1684975137;0,002005577;1684975137;;
9;1684975138;0,001989365;1684975138;;
9;1684975139;0,001999378;1684975139;;
9;1684975140;0,002002001;1684975140;;
9;1684975141;0,00200367;1684975141;;
9;1684975142;0,001999617;1684975142;;
9;1684975143;0,001965523;1684975143;;
9;1684975145;0,002005339;1684975145;;
9;1684975146;0,000998974;1684975146;;
9;1684975147;0,00199914;1684975147;;
9;1684975148;0,001997948;1684975148;;
9;1684975149;0,001971483;1684975149;;
9;1684975150;0,002001286;1684975150;;
9;1684975151;0,002004147;1684975151;;
9;1684975152;0,0020082;1684975152;;
9;1684975153;0,002014637;1684975153;;
9;1684975154;0,002002239;1684975154;;
9;1684975155;0,002000332;1684975155;;
9;1684975156;0,002304077;1684975156;;
9;1684975157;0,00199914;1684975157;;
9;1684975158;0,002006531;1684975158;;
9;1684975159;0,001682043;1684975159;;
9;1684975160;0,002310276;1684975160;;
9;1684975161;0,002014875;1684975161;;
9;1684975162;0,001992702;1684975162;;
9;1684975163;0,0020051;1684975163;;
9;1684975164;0,002002478;1684975164;;
9;1684975165;0,00199151;1684975165;;
9;1684975166;0,002006054;1684975166;;
9;1684975167;0,009001255;1684975167;;
9;1684975168;0,002002239;1684975168;;
9;1684975169;0,00200367;1684975169;;
9;1684975170;0,000989914;1684975170;;
9;1684975171;0,002002716;1684975171;;
9;1684975172;0,001999855;1684975172;;
9;1684975173;0,002003193;1684975173;;
9;1684975174;0,002000093;1684975174;;
9;1684975175;0,001989365;1684975175;;
9;1684975176;0,00199604;1684975176;;
9;1684975177;0,000997543;1684975177;;
9;1684975178;0,001998663;1684975178;;
9;1684975179;0,002007008;1684975179;;
9;1684975180;0,001998663;1684975180;;
9;1684975181;0,001992226;1684975181;;
9;1684975182;0,001999378;1684975182;;
9;1684975183;0,000996351;1684975183;;
9;1684975184;0,002004147;1684975184;;
9;1684975185;0,0019207;1684975185;;
9;1684975186;0,002192259;1684975186;;
9;1684975187;0,00099802;1684975187;;
9;1684975188;0,00199604;1684975188;;
9;1684975189;0,001003981;1684975189;;
9;1684975190;0,002003431;1684975190;;
9;1684975191;0,001993179;1684975191;;
9;1684975192;0,000998259;1684975192;;
9;1684975193;0,001988888;1684975193;;
9;1684975194;0,000996113;1684975194;;
9;1684975195;0,002999306;1684975195;;
9;1684975196;0,001998425;1684975196;;
9;1684975197;0,000993252;1684975197;;
9;1684975198;0,002001286;1684975198;;
9;1684975199;0,001996994;1684975199;;
9;1684975200;0,002011776;1684975200;;
9;1684975201;0,002009869;1684975201;;
9;1684975202;0,001991034;1684975202;;
9;1684975203;0,001002789;1684975203;;
9;1684975204;0,002001762;1684975204;;
9;1684975205;0,0020051;1684975205;;
9;1684975206;0,001993656;1684975206;;
9;1684975207;0,001999378;1684975207;;
9;1684975208;0,002002478;1684975208;;
9;1684975209;0,001989365;1684975209;;
9;1684975210;0,002000093;1684975210;;
9;1684975211;0,002003908;1684975211;;
9;1684975212;0,001998186;1684975212;;
9;1684975213;0,001004219;1684975213;;
9;1684975214;0,002000332;1684975214;;
9;1684975215;0,002012014;1684975215;;
9;1684975216;0,002007961;1684975216;;
9;1684975217;0,001998186;1684975217;;
9;1684975218;0,001009703;1684975218;;
9;1684975219;0,00200057;1684975219;;
9;1684975220;0,002002478;1684975220;;
9;1684975221;0,002000332;1684975221;;
