1684978472,6716287;0,007536649703979492;1684978472,6847034
1684978472,6903355;0,001998424530029297;1684978472,736694
1684978472,6837006;0,001996278762817383;1684978472,7396955
1684978472,678703;0,002709627151489258;1684978472,7459545
1684978472,6986976;0,0015285015106201172;1684978472,7510214
1684978472,6936963;0,0023043155670166016;1684978472,7558973
1684978472,6996946;0,0015363693237304688;1684978472,7600117
1684978472,7036986;0,001894235610961914;1684978472,7676804
1684978472,7067115;0,00226593017578125;1684978472,7718282
1684978472,7036986;0,0016422271728515625;1684978472,7745655
1684978473,7239635;0,0019931793212890625;1684978473,7299573
1684978473,791521;0,0019826889038085938;1684978473,8005197
1684978473,793519;0,0029997825622558594;1684978473,8045135
1684978473,791521;0,0019989013671875;1684978473,809518
1684978473,8503156;0,0029993057250976562;1684978473,8613098
1684978473,8543088;0,0019855499267578125;1684978473,8673155
1684978473,8613098;0,002118349075317383;1684978473,8725536
1684978473,8065245;0,003124237060546875;1684978473,8803873
1684978473,8393953;0,0018687248229980469;1684978473,8868124
1684978473,856315;0,0009992122650146484;1684978473,9052658
1684978474,7616997;0,002001523971557617;1684978474,7676709
1684978474,857463;0,0010471343994140625;1684978474,8624568
1684978474,8584602;0,0030100345611572266;1684978474,8704576
1684978474,857463;0,0017485618591308594;1684978474,8761334
1684978474,9171507;0,0019931793212890625;1684978474,923143
1684978474,9161456;0,0030138492584228516;1684978474,9281442
1684978474,920148;0,0030014514923095703;1684978474,933143
1684978474,920148;0,001107931137084961;1684978474,9373946
1684978474,9403963;0,002996206283569336;1684978474,949398
1684978474,9604042;0,00099945068359375;1684978474,9663978
1684978475,7964365;0,0019931793212890625;1684978475,8024375
1684978475,9018247;0,0019979476928710938;1684978475,9078236
1684978475,9028182;0,002003192901611328;1684978475,911823
1684978475,9018247;0,0022230148315429688;1684978475,919144
1684978475,970687;0,002002716064453125;1684978475,980689
1684978475,9847503;0,0026547908782958984;1684978475,9926257
1684978475,9893806;0,0029909610748291016;1684978476,0013428
1684978475,9942129;0,0017971992492675781;1684978476,0086339
1684978476,01369;0,0021996498107910156;1684978476,0214252
1684978476,0229545;0,002002239227294922;1684978476,0309536
1684978476,8523297;0,0010066032409667969;1684978476,85833
1684978476,9460595;0,0019958019256591797;1684978476,9520538
1684978476,9460595;0,001997232437133789;1684978476,9558046
1684978476,9450574;0,0021753311157226562;1684978476,9602742
1684978477,0062597;0,0029921531677246094;1684978477,012256
1684978477,041427;0,001992940902709961;1684978477,0514245
1684978477,0444033;0,0025873184204101562;1684978477,0574229
1684978477,0424354;0,003000497817993164;1684978477,062423
1684978477,075697;0,0020034313201904297;1684978477,0826766
1684978477,076209;0,004995584487915039;1684978477,1350236
1684978477,8946183;0,0019965171813964844;1684978477,8996391
1684978477,9885416;0,002006053924560547;1684978477,9955454
1684978477,990543;0,002124786376953125;1684978478,001176
1684978477,9925401;0,0025506019592285156;1684978478,0049472
1684978478,047143;0,0020017623901367188;1684978478,0521417
1684978478,1008554;0,00099945068359375;1684978478,1078436
1684978478,1088629;0,0016520023345947266;1684978478,120398
1684978478,1176574;0,002002239227294922;1684978478,1302733
1684978478,1682694;0,000997781753540039;1684978478,1732671
1684978478,1252742;0,0022110939025878906;1684978478,1770744
1684978478,941549;0,0019884109497070312;1684978478,948546
1684978479,0306919;0,002008199691772461;1684978479,0367036
1684978479,0316935;0,0019996166229248047;1684978479,040693
1684978479,0377045;0,0026721954345703125;1684978479,0466647
1684978479,0769663;0,0017540454864501953;1684978479,0843685
1684978479,1405807;0,00201416015625;1684978479,1475723
1684978479,1597133;0,002004861831665039;1684978479,1657324
1684978479,1591222;0,0019958019256591797;1684978479,1702855
1684978479,202691;0,0019979476928710938;1684978479,2076879
1684978479,20569;0,0030090808868408203;1684978479,2142074
1684978479,9736135;0,0019600391387939453;1684978479,9785318
1684978480,07365;0,000997304916381836;1684978480,079658
1684978480,0806506;0,002222299575805664;1684978480,0879147
1684978480,0903883;0,0018496513366699219;1684978480,097065
1684978480,1213357;0,0030057430267333984;1684978480,1273463
1684978480,177763;0,0020074844360351562;1684978480,1847699
1684978480,2013931;0,002000570297241211;1684978480,2074091
1684978480,2024076;0,0030264854431152344;1684978480,2124355
1684978480,2494583;0,002593994140625;1684978480,2554536
1684978480,2524576;0,0009989738464355469;1684978480,259882
1684978481,0176141;0,0020058155059814453;1684978481,0226169
1684978481,1175373;0,0009989738464355469;1684978481,1235373
1684978481,1175373;0,00299835205078125;1684978481,1288693
1684978481,1368878;0,0010135173797607422;1684978481,1423385
1684978481,1684813;0,0019996166229248047;1684978481,1774783
1684978481,265935;0,002000570297241211;1684978481,2729175
1684978481,2699177;0,0040035247802734375;1684978481,2789261
1684978481,2709193;0,0030143260955810547;1684978481,2849197
1684978481,3159556;0,0020046234130859375;1684978481,321968
1684978481,3159556;0,0030062198638916016;1684978481,3262546
1684978482,0515647;0,001996278762817383;1684978482,0565412
1684978482,1451507;0,002000570297241211;1684978482,1501613
1684978482,1678247;0,0020008087158203125;1684978482,1728272
1684978482,1866944;0,0020558834075927734;1684978482,192571
1684978482,2182384;0,0019941329956054688;1684978482,2232358
1684978482,3592818;0,0010175704956054688;1684978482,365825
1684978482,3602765;0,0030062198638916016;1684978482,3708324
1684978482,364831;0,0015430450439453125;1684978482,376272
1684978482,3808873;0,0030133724212646484;1684978482,3888958
1684978482,3838785;0,002001523971557617;1684978482,3938787
1684978483,0922923;0,0019960403442382812;1684978483,0990858
1684978483,1874485;0,002000570297241211;1684978483,1934423
1684978483,2098627;0,0029931068420410156;1684978483,2209947
1684978483,2337275;0,0019943714141845703;1684978483,2393098
1684978483,2534287;0,0016245841979980469;1684978483,2586117
1684978483,4397671;0,003014087677001953;1684978483,4517717
1684978483,4567704;0,003013134002685547;1684978483,4649036
1684978483,4649036;0,0020074844360351562;1684978483,470858
1684978483,4736495;0,0019958019256591797;1684978483,480503
1684978483,454769;0,0009975433349609375;1684978483,506505
1684978484,1275804;0,0010008811950683594;1684978484,1325896
1684978484,2331967;0,001993417739868164;1684978484,2401812
1684978484,2531588;0,0018308162689208984;1684978484,2599413
1684978484,270273;0,0020008087158203125;1684978484,2772682
1684978484,3039007;0,0020008087158203125;1684978484,3098958
1684978484,5174053;0,002008676528930664;1684978484,5274115
1684978484,533409;0,001997232437133789;1684978484,5413487
1684978484,5490706;0,0022058486938476562;1684978484,5549302
1684978484,5549302;0,002696514129638672;1684978484,56218
1684978484,5294108;0,0017199516296386719;1684978484,575993
1684978485,1554933;0,0009922981262207031;1684978485,160507
1684978485,2663012;0,0011343955993652344;1684978485,2719133
1684978485,2954512;0,001984834671020508;1684978485,3014505
1684978485,3156776;0,0020051002502441406;1684978485,3206954
1684978485,346925;0,00199127197265625;1684978485,3529239
1684978485,564189;0,0020055770874023438;1684978485,5711823
1684978485,5651853;0,0019996166229248047;1684978485,574177
1684978485,58595;0,0030143260955810547;1684978485,5924387
1684978485,604083;0,0018649101257324219;1684978485,610085
1684978485,621472;0,0010139942169189453;1684978485,627062
1684978486,1884325;0,0019919872283935547;1684978486,1934292
1684978486,299336;0,0019998550415039062;1684978486,304321
1684978486,3296301;0,001995563507080078;1684978486,3356385
1684978486,351186;0,0019969940185546875;1684978486,3572574
1684978486,419753;0,0019981861114501953;1684978486,4277508
1684978486,6482766;0,0020036697387695312;1684978486,6571338
1684978486,6757245;0,003001689910888672;1684978486,681814
1684978486,6858058;0,0011675357818603516;1684978486,691606
1684978486,6591372;0,0019989013671875;1684978486,7188365
1684978486,663134;0,001928091049194336;1684978486,722759
1684978487,2189646;0,00200653076171875;1684978487,224966
1684978487,3266752;0,0020046234130859375;1684978487,332672
1684978487,3605194;0,002988576889038086;1684978487,3665185
1684978487,391386;0,0020072460174560547;1684978487,3973885
1684978487,4694486;0,0009961128234863281;1684978487,4744494
1684978487,6853344;0,001999378204345703;1684978487,691336
1684978487,7271087;0,0020055770874023438;1684978487,734112
1684978487,7261178;0,003754854202270508;1684978487,7409265
1684978487,765808;0,0019249916076660156;1684978487,773359
1684978487,769814;0,002532958984375;1684978487,778433
1684978488,2485623;0,001993417739868164;1684978488,2535634
1684978488,356897;0,0010018348693847656;1684978488,3618984
1684978488,3914573;0,0020194053649902344;1684978488,3974571
1684978488,4241836;0,0019969940185546875;1684978488,4301915
1684978488,5320425;0,006010293960571289;1684978488,5470245
1684978488,7361672;0,002011537551879883;1684978488,743164
1684978488,7759922;0,003465890884399414;1684978488,7851791
1684978488,7759922;0,002163410186767578;1684978488,7905042
1684978488,8119588;0,0020058155059814453;1684978488,8199646
1684978488,820972;0,0010089874267578125;1684978488,8279614
1684978489,283659;0,0018625259399414062;1684978489,289971
1684978489,3927982;0,0010013580322265625;1684978489,3977985
1684978489,427588;0,0020003318786621094;1684978489,4345856
1684978489,4586701;0,0020203590393066406;1684978489,4656687
1684978489,602998;0,0020041465759277344;1684978489,6099951
1684978489,7665915;0,0010020732879638672;1684978489,7725892
1684978489,820257;0,0010027885437011719;1684978489,8262558
1684978489,820257;0,0029942989349365234;1684978489,831198
1684978489,854211;0,002002716064453125;1684978489,8602219
1684978489,8698363;0,002004861831665039;1684978489,8758388
1684978490,3133357;0,00200653076171875;1684978490,31834
1684978490,422127;0,001007080078125;1684978490,4281254
1684978490,4725158;0,0010116100311279297;1684978490,4775188
1684978490,5033536;0,001007080078125;1684978490,508351
1684978490,6659634;0,0019998550415039062;1684978490,6729603
1684978490,7943218;0,0022139549255371094;1684978490,7998202
1684978490,8632174;0,0019996166229248047;1684978490,8702085
1684978490,8642125;0,0023097991943359375;1684978490,8762887
1684978490,8968136;0,00199127197265625;1684978490,9028118
1684978490,9106789;0,0022995471954345703;1684978490,9171503
1684978491,3514013;0,002003908157348633;1684978491,3564026
1684978491,462251;0,001983642578125;1684978491,4672694
1684978491,5114;0,001988649368286133;1684978491,5194063
1684978491,5690238;0,0019969940185546875;1684978491,5740201
1684978491,725734;0,0029973983764648438;1684978491,7794588
1684978491,8221042;0,001998424530029297;1684978491,827103
1684978491,902606;0,0013535022735595703;1684978491,9076097
1684978491,9046068;0,001009225845336914;1684978491,9122462
1684978491,9356916;0,002010822296142578;1684978491,9407024
1684978491,9544706;0,0020024776458740234;1684978491,9604683
1684978492,382525;0,0020036697387695312;1684978492,3875172
1684978492,5047853;0,002000570297241211;1684978492,5107822
1684978492,5570672;0,0019986629486083984;1684978492,5630727
1684978492,6047387;0,001994609832763672;1684978492,609735
1684978492,806558;0,0010106563568115234;1684978492,811476
1684978492,8540606;0,0019989013671875;1684978492,8590827
1684978492,9312181;0,001990795135498047;1684978492,9372196
1684978492,9502988;0,0009925365447998047;1684978492,9556684
1684978492,9652593;0,00167083740234375;1684978492,9704187
1684978492,994742;0,0020041465759277344;1684978493,0017436
1684978493,4155693;0,0019991397857666016;1684978493,420569
1684978493,5569053;0,0019991397857666016;1684978493,562902
1684978493,5917606;0,002000093460083008;1684978493,596761
1684978493,6380773;0,0019979476928710938;1684978493,6427503
1684978493,8356102;0,001996278762817383;1684978493,841616
1684978493,882932;0,0019872188568115234;1684978493,889938
1684978493,9606643;0,001003265380859375;1684978493,9666622
1684978493,9814162;0,0027227401733398438;1684978493,9895854
1684978493,997778;0,001958608627319336;1684978494,0044868
1684978494,0269814;0,0019943714141845703;1684978494,0329878
1684978494,4436202;0,0019996166229248047;1684978494,448621
1684978494,6036043;0,0020096302032470703;1684978494,6105905
1684978494,6352453;0,001995563507080078;1684978494,6402385
1684978494,679021;0,0018184185028076172;1684978494,6850734
1684978494,865833;0,0010058879852294922;1684978494,8718295
1684978494,9136338;0,0019953250885009766;1684978494,9196336
1684978495,0189946;0,0027048587799072266;1684978495,0260005
1684978495,0385442;0,0020084381103515625;1684978495,0435572
1684978495,052759;0,0024645328521728516;1684978495,0601442
1684978495,0685284;0,0011441707611083984;1684978495,0741806
1684978495,4892724;0,0020008087158203125;1684978495,4952781
1684978495,6316602;0,0010037422180175781;1684978495,6376603
1684978495,6651213;0,0009872913360595703;1684978495,6721127
1684978495,7138052;0,0019898414611816406;1684978495,721803
1684978495,8986592;0,002003908157348633;1684978495,9046571
1684978495,9446986;0,002009868621826172;1684978495,9506967
1684978496,089046;0,004000186920166016;1684978496,1020503
1684978496,1117442;0,0024268627166748047;1684978496,1180878
1684978496,123569;0,0016994476318359375;1684978496,1305726
1684978496,114055;0,0010020732879638672;1684978496,166362
1684978496,5438354;0,002000093460083008;1684978496,5488348
1684978496,660987;0,0009975433349609375;1684978496,6659887
1684978496,6919117;0,0011603832244873047;1684978496,69683
1684978496,8349197;0,0029997825622558594;1684978496,8439176
1684978496,9323814;0,0029926300048828125;1684978496,9423795
1684978496,975689;0,002001047134399414;1684978496,9806895
1684978497,1830428;0,0020046234130859375;1684978497,1900427
1684978497,1830428;0,001997232437133789;1684978497,1940475
1684978497,203168;0,0017015933990478516;1684978497,2088265
1684978497,1770468;0,0010044574737548828;1684978497,2257357
1684978497,6107435;0,0029959678649902344;1684978497,6167467
1684978497,6937473;0,0027565956115722656;1684978497,7003062
1684978497,726958;0,0010042190551757812;1684978497,731974
1684978497,879169;0,002002716064453125;1684978497,8871377
1684978497,9769292;0,0009894371032714844;1684978497,9819298
1684978498,0106223;0,0010056495666503906;1684978498,0146418
1684978498,241843;0,0010046958923339844;1684978498,247852
1684978498,2438445;0,0020084381103515625;1684978498,2528462
1684978498,2468498;0,003000974655151367;1684978498,2578464
1684978498,2678766;0,0017135143280029297;1684978498,2725685
1684978498,6423476;0,0020036697387695312;1684978498,6473522
1684978498,7211516;0,0010030269622802734;1684978498,7251565
1684978498,7536836;0,0009987354278564453;1684978498,7596838
1684978498,9082282;0,0009987354278564453;1684978498,913223
1684978499,0179837;0,0019969940185546875;1684978499,023979
1684978499,0518894;0,0019941329956054688;1684978499,0578802
1684978499,327894;0,0042874813079833984;1684978499,3368478
1684978499,3368478;0,0022780895233154297;1684978499,3439724
1684978499,3469548;0,0025320053100585938;1684978499,3531601
1684978499,3298922;0,002003908157348633;1684978499,375731
1684978499,6988893;0,002004861831665039;1684978499,7048595
1684978499,7558043;0,002004384994506836;1684978499,761805
1684978499,7860675;0,0019948482513427734;1684978499,792068
1684978499,9416583;0,0010001659393310547;1684978499,947657
1684978500,050819;0,000993967056274414;1684978500,0558214
1684978500,0844948;0,0019979476928710938;1684978500,0904956
1684978500,3646984;0,0010039806365966797;1684978500,371692
1684978500,38905;0,0010085105895996094;1684978500,3950636
1684978500,3910704;0,0009999275207519531;1684978500,3990772
1684978500,4071968;0,001004934310913086;1684978500,4131958
1684978500,7350924;0,001998424530029297;1684978500,7411118
1684978500,78822;0,0020034313201904297;1684978500,79322
1684978500,8235412;0,0010111331939697266;1684978500,828537
1684978500,973147;0,0010042190551757812;1684978500,9791455
1684978501,0942469;0,0029935836791992188;1684978501,1012394
1684978501,1206496;0,002000570297241211;1684978501,1256452
1684978501,4128704;0,001001119613647461;1684978501,4198742
1684978501,4388926;0,0019991397857666016;1684978501,4448893
1684978501,4388926;0,0030090808868408203;1684978501,4509697
1684978501,4509697;0,00231170654296875;1684978501,458659
1684978501,786282;0,0019767284393310547;1684978501,7912803
1684978501,8176038;0,0019867420196533203;1684978501,8236046
1684978501,8659732;0,001997709274291992;1684978501,8719757
1684978502,0034554;0,0020034313201904297;1684978502,0074568
1684978502,1536844;0,0020008087158203125;1684978502,158689
1684978502,168972;0,002086162567138672;1684978502,1756918
1684978502,4559407;0,0020046234130859375;1684978502,4629414
1684978502,4817524;0,0022139549255371094;1684978502,4874861
1684978502,4837492;0,0018086433410644531;1684978502,4918318
1684978502,4949512;0,001786947250366211;1684978502,500134
1684978502,8310041;0,0020029544830322266;1684978502,8370047
1684978502,8483944;0,0016293525695800781;1684978502,8531268
1684978502,9102414;0,001995086669921875;1684978502,9152381
1684978503,0580404;0,0020051002502441406;1684978503,0670414
1684978503,2170622;0,0019989013671875;1684978503,2240603
1684978503,2282143;0,0017518997192382812;1684978503,233645
1684978503,4875546;0,001994609832763672;1684978503,492554
1684978503,5248866;0,001997232437133789;1684978503,5298915
1684978503,525891;0,002000570297241211;1684978503,534889
1684978503,5429518;0,0020875930786132812;1684978503,5488114
1684978503,8645408;0,001966714859008789;1684978503,8715582
1684978503,889505;0,0019986629486083984;1684978503,895503
1684978503,9463377;0,0030090808868408203;1684978503,9523497
1684978504,094438;0,0019943714141845703;1684978504,0994403
1684978504,2895448;0,0029947757720947266;1684978504,301538
1684978504,292539;0,0030024051666259766;1684978504,3072023
1684978504,5208979;0,0020079612731933594;1684978504,5259082
1684978504,573056;0,001981973648071289;1684978504,5800557
1684978504,573056;0,002005338668823242;1684978504,5830643
1684978504,5932014;0,002263307571411133;1684978504,598877
1684978504,9025323;0,0019943714141845703;1684978504,9085288
1684978504,9376535;0,001996755599975586;1684978504,9426525
1684978504,98095;0,003003358840942383;1684978504,9879518
1684978505,1334093;0,0019812583923339844;1684978505,1394093
1684978505,3558793;0,0020024776458740234;1684978505,3628857
1684978505,358878;0,0029435157775878906;1684978505,369444
1684978505,5495124;0,0019960403442382812;1684978505,5545092
1684978505,6188924;0,0020029544830322266;1684978505,6258855
1684978505,6178904;0,0020055770874023438;1684978505,6309202
1684978505,6393754;0,0020971298217773438;1684978505,6444135
1684978505,9887483;0,0020127296447753906;1684978505,9947639
1684978505,9967644;0,0015208721160888672;1684978506,003398
1684978506,0308588;0,0020034313201904297;1684978506,036861
1684978506,1878326;0,004341840744018555;1684978506,2018182
1684978506,4242852;0,0029997825622558594;1684978506,4322858
1684978506,429286;0,0020072460174560547;1684978506,437277
1684978506,5910046;0,0020008087158203125;1684978506,5970016
1684978506,6795726;0,0010075569152832031;1684978506,6845732
1684978506,6785784;0,0020074844360351562;1684978506,6885726
1684978506,6893988;0,0017576217651367188;1684978506,694815
1684978507,0206876;0,0009911060333251953;1684978507,0266943
1684978507,041085;0,002002716064453125;1684978507,0473902
1684978507,0720437;0,0010066032409667969;1684978507,0780444
1684978507,2483172;0,001997232437133789;1684978507,2553089
1684978507,4635324;0,002512693405151367;1684978507,4705403
1684978507,4665334;0,0020051002502441406;1684978507,47554
1684978507,6410484;0,001003265380859375;1684978507,6470432
1684978507,7364278;0,001988649368286133;1684978507,7444277
1684978507,7384198;0,0020017623901367188;1684978507,7484233
1684978507,7484233;0,0022597312927246094;1684978507,7559133
1684978508,051139;0,0020029544830322266;1684978508,0571494
1684978508,0720594;0,0019948482513427734;1684978508,0770757
1684978508,1000867;0,003005504608154297;1684978508,1060944
1684978508,2999198;0,002000093460083008;1684978508,3059154
1684978508,5077684;0,0019953250885009766;1684978508,5147786
1684978508,5087676;0,0021409988403320312;1684978508,518454
1684978508,7064202;0,0010113716125488281;1684978508,7654202
1684978508,77642;0,0009965896606445312;1684978508,7834234
1684978508,8002462;0,0020012855529785156;1684978508,8082478
1684978508,8032517;0,001941680908203125;1684978508,8141806
1684978509,0835316;0,0020036697387695312;1684978509,0895343
1684978509,1016705;0,0009930133819580078;1684978509,106674
1684978509,1340637;0,0010056495666503906;1684978509,141059
1684978509,3462577;0,0030002593994140625;1684978509,3532534
1684978509,5368516;0,002000093460083008;1684978509,5428534
1684978509,5534096;0,0010209083557128906;1684978509,5583475
1684978509,8028762;0,0015254020690917969;1684978509,8091543
1684978509,82471;0,001997709274291992;1684978509,8307035
1684978509,8402808;0,002002716064453125;1684978509,8462787
1684978509,8552682;0,0011191368103027344;1684978509,8603694
1684978510,1148977;0,0027456283569335938;1684978510,1224751
1684978510,1440074;0,0020194053649902344;1684978510,1490133
1684978510,1648517;0,0019960403442382812;1684978510,1688483
1684978510,387461;0,002006053924560547;1684978510,3924565
1684978510,5730276;0,0010075569152832031;1684978510,5790224
1684978510,5915997;0,002002239227294922;1684978510,5962677
1684978510,8420086;0,0019931793212890625;1684978510,8490047
1684978510,8656132;0,0030040740966796875;1684978510,8738227
1684978510,8882196;0,002016305923461914;1684978510,8942783
1684978510,8991034;0,002890348434448242;1684978510,9081447
1684978511,165952;0,002995729446411133;1684978511,1739511
1684978511,1903012;0,001978158950805664;1684978511,1963005
1684978511,204619;0,0017838478088378906;1684978511,2111692
1684978511,420868;0,0010004043579101562;1684978511,4284244
1684978511,6166966;0,0030088424682617188;1684978511,6236975
1684978511,6350577;0,002957582473754883;1684978511,641618
1684978511,9188282;0,0030107498168945312;1684978511,9316907
1684978511,9428775;0,0016162395477294922;1684978511,9507666
1684978511,9626982;0,0015289783477783203;1684978511,9688103
1684978511,9286947;0,0018296241760253906;1684978511,976835
1684978512,2173193;0,001994609832763672;1684978512,2263207
1684978512,2331724;0,0024166107177734375;1684978512,2406359
1684978512,252274;0,0020036697387695312;1684978512,2582817
1684978512,4617898;0,0019996166229248047;1684978512,466794
1684978512,6683404;0,002978086471557617;1684978512,6763349
1684978512,6713438;0,0020918846130371094;1684978512,6814651
1684978512,9670706;0,002998828887939453;1684978512,9760842
1684978512,9916997;0,0009944438934326172;1684978512,9976847
1684978513,013977;0,001013040542602539;1684978513,0223663
1684978513,0268953;0,001245737075805664;1684978513,0326705
1684978513,280126;0,0016086101531982422;1684978513,2861261
1684978513,285131;0,0018205642700195312;1684978513,2939844
1684978513,3017752;0,0024955272674560547;1684978513,307641
1684978513,4968011;0,001997709274291992;1684978513,5037992
1684978513,7028925;0,001998424530029297;1684978513,7108977
1684978513,7244084;0,0020024776458740234;1684978513,7297194
1684978514,0058227;0,0020024776458740234;1684978514,0128183
1684978514,0443358;0,0021343231201171875;1684978514,052324
1684978514,063723;0,003202676773071289;1684978514,0721471
1684978514,0822892;0,0020220279693603516;1684978514,0896738
1684978514,3314667;0,0020008087158203125;1684978514,3384647
1684978514,33947;0,001714468002319336;1684978514,3487847
1684978514,349348;0,002292633056640625;1684978514,35603
1684978514,5331054;0,0009937286376953125;1684978514,539105
1684978514,766272;0,0029938220977783203;1684978514,77426
1684978514,7805393;0,0019137859344482422;1684978514,786261
1684978515,0386114;0,0009968280792236328;1684978515,044616
1684978515,08875;0,0019941329956054688;1684978515,095748
1684978515,105641;0,0010013580322265625;1684978515,111641
1684978515,123469;0,0010232925415039062;1684978515,130017
1684978515,4046347;0,0020046234130859375;1684978515,4106355
1684978515,4066415;0,002338409423828125;1684978515,417012
1684978515,3926497;0,001722574234008789;1684978515,4472394
1684978515,5714636;0,0019910335540771484;1684978515,5764632
1684978515,8389785;0,0009996891021728516;1684978515,8453028
1684978515,8407702;0,002008676528930664;1684978515,850304
1684978516,0721662;0,0020012855529785156;1684978516,0771658
1684978516,1199112;0,0020003318786621094;1684978516,1279142
1684978516,138983;0,001013040542602539;1684978516,1450603
1684978516,1536434;0,0020036697387695312;1684978516,1606429
1684978516,4525683;0,0020046234130859375;1684978516,4583225
1684978516,4593189;0,0019025802612304688;1684978516,4659252
1684978516,4869463;0,0019884109497070312;1684978516,493947
1684978516,6049898;0,0020072460174560547;1684978516,609989
1684978516,87903;0,0020003318786621094;1684978516,8840315
1684978516,880586;0,0014662742614746094;1684978516,8885078
1684978517,1069582;0,0009987354278564453;1684978517,1119626
1684978517,1575918;0,0020034313201904297;1684978517,1645916
1684978517,1785104;0,001004934310913086;1684978517,184155
1684978517,196018;0,002019643783569336;1684978517,200934
1684978517,489412;0,0020034313201904297;1684978517,4964125
1684978517,5124836;0,0020003318786621094;1684978517,5180085
1684978517,5301065;0,0009932518005371094;1684978517,5351655
1684978517,64082;0,0009984970092773438;1684978517,644818
1684978517,9127016;0,0009925365447998047;1684978517,9198515
1684978517,9137025;0,004002094268798828;1684978517,925742
1684978518,147632;0,002000093460083008;1684978518,1526341
1684978518,1965597;0,0019986629486083984;1684978518,2015665
1684978518,2135205;0,002000093460083008;1684978518,2195272
1684978518,2302139;0,0017249584197998047;1684978518,235303
1684978518,5208523;0,0020084381103515625;1684978518,5258636
1684978518,5558412;0,0010035037994384766;1684978518,5638366
1684978518,5746098;0,002018451690673828;1684978518,5800078
1684978518,6962445;0,002004861831665039;1684978518,7022514
1684978518,9847517;0,001005411148071289;1684978519,0364516
1684978518,9828422;0,0020051002502441406;1684978519,0398893
1684978519,2310047;0,002002716064453125;1684978519,237012
1684978519,200004;0,001993894577026367;1684978519,2565835
1684978519,2520566;0,0034503936767578125;1684978519,2646272
1684978519,2722325;0,001989126205444336;1684978519,2792673
1684978519,5534737;0,0020029544830322266;1684978519,5584686
1684978519,586518;0,0029938220977783203;1684978519,5925193
1684978519,604901;0,0019958019256591797;1684978519,6119013
1684978519,7250903;0,0019943714141845703;1684978519,7310927
1684978520,0702758;0,001991748809814453;1684978520,076275
1684978520,0712779;0,0020036697387695312;1684978520,081361
1684978520,271681;0,0019996166229248047;1684978520,278653
1684978520,2972093;0,0021522045135498047;1684978520,303255
1684978520,3005812;0,0033254623413085938;1684978520,3115013
1684978520,3167915;0,0016586780548095703;1684978520,3220718
1684978520,5847292;0,001004934310913086;1684978520,5897288
1684978520,6182892;0,001003265380859375;1684978520,6233006
1684978520,6491537;0,0020017623901367188;1684978520,6541498
1684978520,7842488;0,0020034313201904297;1684978520,8392513
1684978521,1042361;0,0015833377838134766;1684978521,1092334
1684978521,1092334;0,003210783004760742;1684978521,1169772
1684978521,3069568;0,001995563507080078;1684978521,3119726
1684978521,3357885;0,0019986629486083984;1684978521,3447876
1684978521,3437943;0,0020024776458740234;1684978521,3504567
1684978521,3604498;0,002154827117919922;1684978521,365663
1684978521,6165812;0,0020046234130859375;1684978521,6215835
1684978521,6519303;0,001996278762817383;1684978521,6569269
1684978521,684352;0,0009999275207519531;1684978521,689351
1684978521,8885875;0,003008127212524414;1684978521,8985941
1684978522,1470416;0,0020089149475097656;1684978522,1530502
1684978522,1490421;0,001001119613647461;1684978522,157042
1684978522,335282;0,0019969940185546875;1684978522,3392816
1684978522,386397;0,003000497817993164;1684978522,3934011
1684978522,3854015;0,0010004043579101562;1684978522,3982522
1684978522,4070597;0,0029973983764648438;1684978522,4140668
1684978522,6466327;0,002000570297241211;1684978522,651637
1684978522,6956007;0,0010046958923339844;1684978522,701599
1684978522,7152684;0,0019989013671875;1684978522,7219887
1684978522,9315095;0,0019931793212890625;1684978522,9365096
1684978523,177298;0,002412557601928711;1684978523,1827095
1684978523,1793075;0,002003192901611328;1684978523,1863015
1684978523,3661947;0,0010020732879638672;1684978523,3722012
1684978523,4613078;0,0020055770874023438;1684978523,4663131
1684978523,4593086;0,0030183792114257812;1684978523,5085306
1684978523,4643075;0,0017857551574707031;1684978523,5173864
1684978523,677354;0,001998424530029297;1684978523,6823454
1684978523,7278094;0,0019986629486083984;1684978523,7338057
1684978523,7473462;0,0019989013671875;1684978523,753194
1684978523,9586694;0,0019989013671875;1684978523,9636672
1684978524,211291;0,0020029544830322266;1684978524,2162955
1684978524,211291;0,002008199691772461;1684978524,2202992
1684978524,3979423;0,0009980201721191406;1684978524,4039402
1684978524,491787;0,0017731189727783203;1684978524,498211
1684978524,5506306;0,0020036697387695312;1684978524,555627
1684978524,5506306;0,004957437515258789;1684978524,5661519
1684978524,7208507;0,0020072460174560547;1684978524,7288544
1684978524,766016;0,0020062923431396484;1684978524,7720077
1684978524,7835088;0,0019998550415039062;1684978524,7895093
1684978524,998923;0,001697540283203125;1684978525,004646
1684978525,2544694;0,002000570297241211;1684978525,2614691
1684978525,253469;0,0020034313201904297;1684978525,2654233
1684978525,4401548;0,002000093460083008;1684978525,4491549
1684978525,5361154;0,002009868621826172;1684978525,5421193
1684978525,6097722;0,002996206283569336;1684978525,6197758
1684978525,6147773;0,0036194324493408203;1684978525,6269813
1684978525,7521827;0,003003835678100586;1684978525,7611852
1684978525,805761;0,0032923221588134766;1684978525,8140547
1684978525,8256202;0,002374887466430664;1684978525,832605
1684978526,0377965;0,003004312515258789;1684978526,0457964
1684978526,3132372;0,0019986629486083984;1684978526,3204393
1684978526,3152444;0,003089427947998047;1684978526,3259182
1684978526,4829032;0,00099945068359375;1684978526,4879038
1684978526,5687032;0,0009982585906982422;1684978526,5737047
1684978526,6497908;0,0019996166229248047;1684978526,655789
1684978526,6497908;0,002007722854614258;1684978526,6606388
1684978526,7901964;0,0020062923431396484;1684978526,7971911
1684978526,8523726;0,0020012855529785156;1684978526,8573759
1684978526,8726406;0,0020084381103515625;1684978526,8791697
1684978527,0725858;0,0019981861114501953;1684978527,0785785
1684978527,3682384;0,001992464065551758;1684978527,3742304
1684978527,3682384;0,002774477005004883;1684978527,378552
1684978527,5120058;0,0011548995971679688;1684978527,51712
1684978527,602896;0,0020051002502441406;1684978527,6078987
1684978527,682495;0,0019943714141845703;1684978527,6874967
1684978527,682495;0,0010023117065429688;1684978527,6914988
1684978527,8217287;0,0010056495666503906;1684978527,82673
1684978527,885437;0,0020012855529785156;1684978527,890437
1684978527,9033356;0,0029947757720947266;1684978527,9096522
1684978528,1015143;0,000997304916381836;1684978528,1075137
1684978528,3998876;0,0019822120666503906;1684978528,4058883
1684978528,4149954;0,0012950897216796875;1684978528,4203055
1684978528,5493429;0,0020034313201904297;1684978528,5553398
1684978528,644022;0,000997304916381836;1684978528,6480238
1684978528,723962;0,0020127296447753906;1684978528,7299752
1684978528,7259722;0,001987457275390625;1684978528,734486
1684978528,8474803;0,00200653076171875;1684978528,8524852
1684978528,911386;0,0009992122650146484;1684978528,916349
1684978528,9436467;0,001997709274291992;1684978528,950643
1684978529,1287963;0,0019981861114501953;1684978529,1337948
1684978529,443131;0,0010135173797607422;1684978529,4491282
1684978529,4611282;0,0020046234130859375;1684978529,4661348
1684978529,579776;0,0020012855529785156;1684978529,5857768
1684978529,6703851;0,0020008087158203125;1684978529,6753886
1684978529,7775657;0,002004861831665039;1684978529,7845588
1684978529,785568;0,002344846725463867;1684978529,7934103
1684978529,8786724;0,0010128021240234375;1684978529,8836744
1684978529,9410574;0,0010004043579101562;1684978529,9465995
1684978529,987017;0,0010042190551757812;1684978529,9919813
1684978530,155982;0,0010027885437011719;1684978530,1619794
1684978530,5007122;0,0020017623901367188;1684978530,5057104
1684978530,5118785;0,0022268295288085938;1684978530,5170166
1684978530,608558;0,0019948482513427734;1684978530,614552
1684978530,6994762;0,002003908157348633;1684978530,7034485
1684978530,8099022;0,0020029544830322266;1684978530,8149085
1684978530,8270946;0,0010578632354736328;1684978530,8320322
1684978530,9052253;0,002001047134399414;1684978530,9112687
1684978530,983466;0,001997709274291992;1684978530,9884667
1684978531,0174024;0,001998424530029297;1684978531,022402
1684978531,1852355;0,001994609832763672;1684978531,190233
1684978531,533393;0,0010006427764892578;1684978531,539047
1684978531,5495389;0,001766204833984375;1684978531,5549839
1684978531,637279;0,001987457275390625;1684978531,6432817
1684978531,7305536;0,0020096302032470703;1684978531,735563
1684978531,8403182;0,002000570297241211;1684978531,8463266
1684978531,8613372;0,0019981861114501953;1684978531,8658628
1684978531,9368598;0,001999378204345703;1684978531,9418232
1684978532,0132341;0,0020117759704589844;1684978532,018239
1684978532,0456476;0,0017764568328857422;1684978532,0507886
1684978532,216565;0,0020072460174560547;1684978532,2215354
1684978532,5604694;0,0019927024841308594;1684978532,5664687
1684978532,5831437;0,0019996166229248047;1684978532,5881464
1684978532,6690838;0,002003908157348633;1684978532,6740863
1684978532,7626057;0,0019969940185546875;1684978532,7676065
1684978532,8724325;0,001999378204345703;1684978532,877436
1684978532,8906949;0,0009970664978027344;1684978532,8978565
1684978532,982114;0,0019989013671875;1684978532,9871128
1684978533,042658;0,0017516613006591797;1684978533,0506027
1684978533,0789795;0,001996755599975586;1684978533,0849652
1684978533,2522545;0,0029883384704589844;1684978533,259252
1684978533,5928378;0,0009813308715820312;1684978533,5988393
1684978533,6147387;0,001998424530029297;1684978533,6192732
1684978533,7029085;0,001997709274291992;1684978533,707906
1684978533,7966006;0,0010156631469726562;1684978533,8016055
1684978533,905269;0,001997709274291992;1684978533,9112682
1684978533,9256742;0,002003908157348633;1684978533,9306977
1684978534,0179782;0,0010094642639160156;1684978534,0229814
1684978534,0804956;0,001990079879760742;1684978534,0864928
1684978534,1140206;0,0011525154113769531;1684978534,1192257
1684978534,2958186;0,00400090217590332;1684978534,3068147
1684978534,6233077;0,0020017623901367188;1684978534,6283116
1684978534,6443684;0,0009696483612060547;1684978534,6493647
1684978534,7369971;0,0010006427764892578;1684978534,7419982
1684978534,82989;0,0009953975677490234;1684978534,8338897
1684978534,9391584;0,001997232437133789;1684978534,944157
1684978534,9571428;0,0009922981262207031;1684978534,9631045
1684978535,048913;0,000997304916381836;1684978535,0539272
1684978535,1147296;0,002007007598876953;1684978535,1205497
1684978535,1491027;0,001992464065551758;1684978535,1541216
1684978535,3541596;0,003955364227294922;1684978535,3661168
1684978535,6553397;0,0020003318786621094;1684978535,6603346
1684978535,6767738;0,0029866695404052734;1684978535,6840098
1684978535,7665749;0,0020012855529785156;1684978535,7715747
1684978535,8581207;0,001990079879760742;1684978535,8641167
1684978535,9680264;0,0010039806365966797;1684978535,9739304
1684978535,9869807;0,0020105838775634766;1684978535,9930642
1684978536,0850682;0,001007080078125;1684978536,0910685
1684978536,1518016;0,002000093460083008;1684978536,156803
1684978536,1849618;0,0009989738464355469;1684978536,1899576
1684978536,413124;0,0009953975677490234;1684978536,4678667
1684978536,687195;0,001012563705444336;1684978536,6921952
1684978536,7185297;0,0019941329956054688;1684978536,723527
1684978536,7945936;0,0010044574737548828;1684978536,8005934
1684978536,8883152;0,0010004043579101562;1684978536,8933177
1684978536,9957063;0,0020051002502441406;1684978537,000718
1684978537,0171635;0,0020024776458740234;1684978537,0231395
1684978537,1204283;0,0020046234130859375;1684978537,1254377
1684978537,1855047;0,0010023117065429688;1684978537,1915064
1684978537,2163215;0,0020036697387695312;1684978537,2202945
1684978537,51577;0,0019941329956054688;1684978537,5207734
1684978537,7114687;0,0019860267639160156;1684978537,7164686
1684978537,7555108;0,0019986629486083984;1684978537,7605107
1684978537,8228106;0,0019884109497070312;1684978537,827803
1684978537,9146678;0,0009930133819580078;1684978537,9206727
1684978538,0254383;0,00199127197265625;1684978538,0304375
1684978538,0558624;0,0009829998016357422;1684978538,0608552
1684978538,1479282;0,0019974708557128906;1684978538,1529298
1684978538,2259839;0,001689910888671875;1684978538,231671
1684978538,2429893;0,0015285015106201172;1684978538,2474546
1684978538,5532541;0,0010068416595458984;1684978538,5582516
1684978538,7411132;0,0020096302032470703;1684978538,7471147
1684978538,7884529;0,001001119613647461;1684978538,793454
1684978538,8509393;0,0020017623901367188;1684978538,8559403
1684978538,9450352;0,0010023117065429688;1684978538,9510312
1684978539,054358;0,0020074844360351562;1684978539,060353
1684978539,0893805;0,0019969940185546875;1684978539,0940337
1684978539,1788058;0,0010046958923339844;1684978539,1837697
1684978539,272299;0,0009963512420654297;1684978539,2792969
1684978539,2834132;0,0017163753509521484;1684978539,287981
1684978539,5845687;0,0016789436340332031;1684978539,590444
1684978539,7821875;0,0020062923431396484;1684978539,7881937
1684978539,8193593;0,0019996166229248047;1684978539,8243566
1684978539,9080586;0,0050008296966552734;1684978539,9200504
1684978539,998845;0,0009970664978027344;1684978540,0461326
1684978540,1079342;0,0015301704406738281;1684978540,1148012
1684978540,1223578;0,001108407974243164;1684978540,1279144
1684978540,210407;0,0009996891021728516;1684978540,2164085
1684978540,3308785;0,0019969940185546875;1684978540,33888
1684978540,3432744;0,0017230510711669922;1684978540,3499513
1684978540,6317713;0,0019919872283935547;1684978540,6377685
1684978540,8250926;0,0020210742950439453;1684978540,830108
1684978540,8525727;0,0009980201721191406;1684978540,8575904
1684978540,94439;0,002004384994506836;1684978540,9514024
1684978541,0682313;0,0010042190551757812;1684978541,0732267
1684978541,1481783;0,0020151138305664062;1684978541,1541822
1684978541,1658704;0,0015325546264648438;1684978541,1713076
1684978541,23893;0,0010020732879638672;1684978541,2449255
1684978541,3677533;0,0019915103912353516;1684978541,3737502
1684978541,3827467;0,001070261001586914;1684978541,388835
1684978541,6620877;0,0009756088256835938;1684978541,6670923
1684978541,852347;0,001998424530029297;1684978541,856346
1684978541,883925;0,0009992122650146484;1684978541,8899233
1684978541,9753752;0,0009696483612060547;1684978541,980374
1684978542,0992742;0,0011799335479736328;1684978542,104096
1684978542,1777396;0,0029904842376708984;1684978542,1847372
1684978542,1960633;0,0010890960693359375;1684978542,2010884
1684978542,2691128;0,0020046234130859375;1684978542,2751143
1684978542,3961701;0,0019943714141845703;1684978542,4021652
1684978542,4142523;0,0020139217376708984;1684978542,4185238
1684978542,6908324;0,0019974708557128906;1684978542,6958382
1684978542,8811276;0,0020046234130859375;1684978542,8861468
1684978542,9148426;0,0019981861114501953;1684978542,9208405
1684978543,0065904;0,001992464065551758;1684978543,0125902
1684978543,128707;0,0010046958923339844;1684978543,1347125
1684978543,2103329;0,003000497817993164;1684978543,2173426
1684978543,231294;0,0019922256469726562;1684978543,236384
1684978543,3052022;0,0019893646240234375;1684978543,3101997
1684978543,4265077;0,002251863479614258;1684978543,4317677
1684978543,4460196;0,0019979476928710938;1684978543,4505432
1684978543,723044;0,0020074844360351562;1684978543,7280524
1684978543,9144652;0,0029954910278320312;1684978543,9234493
1684978543,9476218;0,0020074844360351562;1684978543,9546294
1684978544,0394683;0,001993417739868164;1684978544,0444674
1684978544,168088;0,0020127296447753906;1684978544,1731
1684978544,2470245;0,002995729446411133;1684978544,255025
1684978544,2800758;0,001999378204345703;1684978544,289082
1684978544,3348353;0,0019981861114501953;1684978544,3418367
1684978544,4621558;0,0029909610748291016;1684978544,4711733
1684978544,4866338;0,0020008087158203125;1684978544,4918842
1684978544,7610297;0,002000570297241211;1684978544,769036
1684978544,955714;0,000997781753540039;1684978544,9607115
1684978544,9834445;0,0019981861114501953;1684978544,98944
1684978545,0819182;0,0020046234130859375;1684978545,0899117
1684978545,2037146;0,001997709274291992;1684978545,2117162
1684978545,2982597;0,0020072460174560547;1684978545,306255
1684978545,3313613;0,0019931793212890625;1684978545,338358
1684978545,377019;0,0020034313201904297;1684978545,3830252
1684978545,5059037;0,0020051002502441406;1684978545,5109012
1684978545,526165;0,0020194053649902344;1684978545,532759
1684978545,7942226;0,0019927024841308594;1684978545,8022213
1684978545,991353;0,002005338668823242;1684978545,996363
1684978546,026759;0,0030007362365722656;1684978546,0327597
1684978546,160914;0,0019974708557128906;1684978546,1674275
1684978546,244755;0,0020177364349365234;1684978546,251093
1684978546,3479931;0,0030062198638916016;1684978546,3559992
1684978546,3804455;0,0019981861114501953;1684978546,3874445
1684978546,4180262;0,0019969940185546875;1684978546,4240015
1684978546,5734894;0,0029952526092529297;1684978546,5834625
1684978546,5854735;0,0016942024230957031;1684978546,5935283
1684978546,8330414;0,0010030269622802734;1684978546,839007
1684978547,0261714;0,0020096302032470703;1684978547,0321765
1684978547,0729482;0,0010066032409667969;1684978547,07795
1684978547,196454;0,001999378204345703;1684978547,2014546
1684978547,2816205;0,0020232200622558594;1684978547,2986205
1684978547,3880117;0,0010023117065429688;1684978547,3950143
1684978547,4217944;0,0019943714141845703;1684978547,4267886
1684978547,451949;0,001001119613647461;1684978547,458934
1684978547,649819;0,0019817352294921875;1684978547,6598125
1684978547,658819;0,002618551254272461;1684978547,6678402
1684978547,86904;0,0019893646240234375;1684978547,8740382
1684978548,0573142;0,001997232437133789;1684978548,062334
1684978548,1039798;0,001997709274291992;1684978548,1099763
1684978548,2365415;0,0009882450103759766;1684978548,2415414
1684978548,3333912;0,002002716064453125;1684978548,3383949
1684978548,4296155;0,0020036697387695312;1684978548,435617
1684978548,459907;0,0009963512420654297;1684978548,4649267
1684978548,495137;0,003003358840942383;1684978548,5021365
1684978548,703695;0,0010006427764892578;1684978548,7096949
1684978548,7057023;0,0023956298828125;1684978548,7147563
1684978548,9001312;0,0010046958923339844;1684978548,905129
1684978549,0863836;0,001005411148071289;1684978549,091382
1684978549,1476462;0,002994537353515625;1684978549,1556509
1684978549,2691748;0,0019998550415039062;1684978549,2741654
1684978549,3851295;0,0019986629486083984;1684978549,3931632
1684978549,4603345;0,0020020008087158203;1684978549,4643345
1684978549,4933314;0,0019927024841308594;1684978549,497333
1684978549,5402977;0,001013040542602539;1684978549,5454392
1684978549,7430506;0,002000570297241211;1684978549,7490542
1684978549,7460628;0,001004934310913086;1684978549,7529745
1684978549,9421856;0,0010006427764892578;1684978549,9471915
1684978550,1266143;0,002000093460083008;1684978550,1313589
1684978550,180795;0,0018734931945800781;1684978550,1878011
1684978550,301998;0,0010068416595458984;1684978550,306997
1684978550,4263992;0,0019986629486083984;1684978550,4313967
1684978550,4917357;0,0019969940185546875;1684978550,496737
1684978550,5254245;0,0019996166229248047;1684978550,5303895
1684978550,5711205;0,0010058879852294922;1684978550,5753427
1684978550,7864423;0,001451730728149414;1684978550,7924373
1684978550,7894442;0,002002716064453125;1684978550,7966223
1684978550,981054;0,001987934112548828;1684978550,9870524
1684978551,1676507;0,0009996891021728516;1684978551,173647
1684978551,2233772;0,0019845962524414062;1684978551,2283804
1684978551,3270295;0,0020017623901367188;1684978551,3320282
1684978551,4547155;0,0010001659393310547;1684978551,4597144
1684978551,519928;0,0010006427764892578;1684978551,5249503
1684978551,5530727;0,0010035037994384766;1684978551,5590856
1684978551,5971034;0,002003908157348633;1684978551,6041024
1684978551,8142872;0,002004384994506836;1684978551,8202956
1684978551,8350725;0,002001523971557617;1684978551,8401542
1684978552,0288336;0,002003908157348633;1684978552,0338337
1684978552,2071767;0,0009942054748535156;1684978552,213202
1684978552,2896466;0,0020003318786621094;1684978552,29464
1684978552,3597848;0,0019974708557128906;1684978552,3657715
1684978552,4910476;0,0030057430267333984;1684978552,4970465
1684978552,5553489;0,0020036697387695312;1684978552,5613654
1684978552,586459;0,0019958019256591797;1684978552,5924585
1684978552,6288168;0,0020046234130859375;1684978552,6338189
1684978552,8508844;0,0019016265869140625;1684978552,8582928
1684978552,8728187;0,000997781753540039;1684978552,878822
1684978553,0776813;0,0017650127410888672;1684978553,0837457
1684978553,2631953;0,002009868621826172;1684978553,2702057
1684978553,3225274;0,0020041465759277344;1684978553,3285291
1684978553,3928142;0,0009970664978027344;1684978553,397815
1684978553,531887;0,002998828887939453;1684978553,5418866
1684978553,6018245;0,003002643585205078;1684978553,6098125
1684978553,6215227;0,0016620159149169922;1684978553,6261408
1684978553,658976;0,0019922256469726562;1684978553,6639726
1684978553,9271326;0,0010073184967041016;1684978553,9321392
1684978553,9221346;0,0019998550415039062;1684978553,9765575
1684978554,1366596;0,002002716064453125;1684978554,1416607
1684978554,3046708;0,0020117759704589844;1684978554,3116817
1684978554,371533;0,0019986629486083984;1684978554,3785353
1684978554,4243164;0,0019919872283935547;1684978554,4313095
1684978554,5888782;0,003999471664428711;1684978554,6018052
1684978554,6765285;0,002011537551879883;1684978554,6825347
1684978554,697661;0,001996278762817383;1684978554,70368
1684978554,6625247;0,001695871353149414;1684978554,7165818
1684978554,9816194;0,0019927024841308594;1684978554,9896207
1684978555,0082316;0,002008199691772461;1684978555,0152378
1684978555,2002866;0,0029969215393066406;1684978555,20928
1684978555,3437853;0,001992940902709961;1684978555,3497827
1684978555,4371192;0,0019943714141845703;1684978555,4471097
1684978555,466342;0,001995086669921875;1684978555,474335
1684978555,6558642;0,0050046443939208984;1684978555,6688063
1684978555,713066;0,002516508102416992;1684978555,7194624
1684978555,7456343;0,003010272979736328;1684978555,754642
1684978555,7466297;0,0031669139862060547;1684978555,760434
1684978556,0249834;0,0019979476928710938;1684978556,0299706
1684978556,045143;0,002981424331665039;1684978556,052141
1684978556,248083;0,0019941329956054688;1684978556,2550778
1684978556,3776164;0,001993417739868164;1684978556,3826127
1684978556,4718616;0,0020029544830322266;1684978556,4758635
1684978556,5081985;0,0019850730895996094;1684978556,5131907
1684978556,7261598;0,0029981136322021484;1684978556,7382665
1684978556,7601337;0,002987384796142578;1684978556,766132
1684978556,7973664;0,00299072265625;1684978556,8063653
1684978556,8033774;0,0016927719116210938;1684978556,8124444
1684978557,0518227;0,001997709274291992;1684978557,0568233
1684978557,0854712;0,0019998550415039062;1684978557,0914614
1684978557,2895231;0,0010027885437011719;1684978557,2945223
1684978557,4295762;0,000988006591796875;1684978557,4755962
1684978557,5058012;0,001995563507080078;1684978557,5108004
1684978557,5366402;0,0019953250885009766;1684978557,5426266
1684978557,7950253;0,0030040740966796875;1684978557,8010285
1684978557,8214025;0,0019979476928710938;1684978557,8274004
1684978557,8489237;0,0020062923431396484;1684978557,8569374
1684978557,861827;0,0017075538635253906;1684978557,8675158
1684978558,084447;0,0020008087158203125;1684978558,089466
1684978558,115829;0,0017175674438476562;1684978558,1245556
1684978558,3232687;0,002010345458984375;1684978558,3282824
1684978558,5231547;0,0010111331939697266;1684978558,5291348
1684978558,544495;0,000997304916381836;1684978558,549509
1684978558,5750098;0,0008764266967773438;1684978558,5800104
1684978558,835925;0,0010073184967041016;1684978558,841934
1684978558,8535106;0,002011537551879883;1684978558,8583302
1684978558,886084;0,0009951591491699219;1684978558,8940816
1684978558,904678;0,00200653076171875;1684978558,9095972
1684978559,123436;0,0022704601287841797;1684978559,129461
1684978559,1541317;0,0009965896606445312;1684978559,159125
1684978559,3541782;0,0009920597076416016;1684978559,3601413
1684978559,558072;0,003011465072631836;1684978559,565079
1684978559,5762405;0,001680612564086914;1684978559,5807598
1684978559,6057951;0,002000093460083008;1684978559,610791
1684978559,869261;0,002002716064453125;1684978559,8742676
1684978559,8873775;0,0010025501251220703;1684978559,894349
1684978559,922347;0,0010004043579101562;1684978559,9283433
1684978559,9349012;0,0017397403717041016;1684978559,941735
1684978560,1619945;0,0019941329956054688;1684978560,1669924
1684978560,1935647;0,001999378204345703;1684978560,1985676
1684978560,430822;0,0020029544830322266;1684978560,4368231
1684978560,6045399;0,0020024776458740234;1684978560,6095407
1684978560,6204903;0,0020864009857177734;1684978560,6260295
1684978560,635789;0,0016319751739501953;1684978560,6410997
1684978560,8967626;0,0009918212890625;1684978560,9017656
1684978560,9317288;0,0019538402557373047;1684978560,9377315
1684978560,9617198;0,0019948482513427734;1684978560,9667099
1684978560,9786847;0,0019998550415039062;1684978560,9836898
1684978561,1935153;0,0019941329956054688;1684978561,1975071
1684978561,22699;0,0009989738464355469;1684978561,2319853
1684978561,4633398;0,002006053924560547;1684978561,4683464
1684978561,6661348;0,0030012130737304688;1684978561,6741407
1684978561,6771362;0,0016903877258300781;1684978561,6845207
1684978561,6850834;0,0016658306121826172;1684978561,690528
1684978561,9684873;0,0020084381103515625;1684978561,9744837
1684978561,999019;0,002996206283569336;1684978562,0060177
1684978561,9544778;0,0030007362365722656;1684978562,0110261
1684978562,0151372;0,0023996829986572266;1684978562,0211315
1684978562,2232118;0,0009989738464355469;1684978562,228205
1684978562,2602444;0,00153350830078125;1684978562,2651289
1684978562,48936;0,002005338668823242;1684978562,4943607
1684978562,712568;0,002997159957885742;1684978562,719565
1684978562,715567;0,002023458480834961;1684978562,7245686
1684978562,7345798;0,0019807815551757812;1684978562,7423675
1684978563,0098345;0,0019941329956054688;1684978563,0158331
1684978563,056205;0,0029904842376708984;1684978563,0652025
1684978563,056205;0,0019931793212890625;1684978563,0702174
1684978563,0702174;0,0022764205932617188;1684978563,0804074
1684978563,2544918;0,0017638206481933594;1684978563,2610266
1684978563,289918;0,0010013580322265625;1684978563,2969146
1684978563,5246596;0,0020055770874023438;1684978563,531665
1684978563,7636387;0,003001689910888672;1684978563,7818358
1684978563,7642436;0,002164602279663086;1684978563,787912
1684978563,7902193;0,002002239227294922;1684978563,7965755
1684978564,0433505;0,0010006427764892578;1684978564,048351
1684978564,096253;0,002001523971557617;1684978564,1032467
1684978564,096253;0,0014481544494628906;1684978564,107382
1684978564,1180422;0,0017173290252685547;1684978564,1257286
1684978564,3012097;0,0019905567169189453;1684978564,308215
1684978564,3360548;0,0019989013671875;1684978564,3430545
1684978564,5594308;0,001997232437133789;1684978564,564431
1684978564,798368;0,0010027885437011719;1684978564,803359
1684978564,818046;0,002991914749145508;1684978564,825047
1684978564,838938;0,0010161399841308594;1684978564,8447967
1684978565,0775764;0,001996278762817383;1684978565,0825734
1684978565,1433587;0,001997232437133789;1684978565,1503534
1684978565,1443586;0,0030059814453125;1684978565,1563601
1684978565,1614294;0,0016989707946777344;1684978565,1672156
1684978565,3436563;0,0020058155059814453;1684978565,3486557
1684978565,3787766;0,0010025501251220703;1684978565,3837779
1684978565,5938644;0,0009922981262207031;1684978565,598867
1684978565,8270423;0,001997232437133789;1684978565,8320374
1684978565,8624449;0,0020051002502441406;1684978565,8674464
1684978565,8822641;0,002001047134399414;1684978565,889366
1684978566,138438;0,003993988037109375;1684978566,1504207
1684978566,19561;0,0009982585906982422;1684978566,2016053
1684978566,1986072;0,0028502941131591797;1684978566,208034
1684978566,1996;0,001664876937866211;1684978566,2114575
1684978566,3769188;0,0019998550415039062;1684978566,3819194
1684978566,411504;0,0009965896606445312;1684978566,4175098
1684978566,6272671;0,0020055770874023438;1684978566,6322744
1684978566,8654528;0,001995086669921875;1684978566,8714523
1684978566,8999174;0,0010027885437011719;1684978566,9049187
1684978566,9300456;0,001996278762817383;1684978566,9350355
1684978567,1861298;0,0030031204223632812;1684978567,1951268
1684978567,2307434;0,0035789012908935547;1684978567,2385774
1684978567,2576349;0,0020143985748291016;1684978567,2656426
1684978567,262631;0,0024521350860595703;1684978567,271509
1684978567,4120767;0,0009963512420654297;1684978567,4180753
1684978567,4473627;0,001001596450805664;1684978567,4513695
1684978567,6822922;0,0029969215393066406;1684978567,691284
1684978567,901622;0,0020079612731933594;1684978567,9076355
1684978567,9325047;0,002002716064453125;1684978567,9385085
1684978567,963817;0,002006053924560547;1684978567,9718163
1684978568,2500074;0,002992868423461914;1684978568,2610173
1684978568,2972226;0,001161813735961914;1684978568,3032064
1684978568,3022065;0,0024933815002441406;1684978568,3121207
1684978568,3193324;0,0026748180389404297;1684978568,3265088
1684978568,4450133;0,0009982585906982422;1684978568,4510126
1684978568,4788857;0,0009984970092773438;1684978568,4848838
1684978568,7384944;0,001995563507080078;1684978568,747492
1684978568,9429839;0,001005411148071289;1684978568,9479854
1684978568,9804614;0,002006053924560547;1684978568,9854827
1684978569,0075233;0,0020046234130859375;1684978569,0135202
1684978569,2865078;0,002001523971557617;1684978569,2935195
1684978569,3414392;0,0020067691802978516;1684978569,348438
1684978569,3654315;0,003000974655151367;1684978569,3734326
1684978569,3764389;0,004705667495727539;1684978569,3851485
1684978569,4762323;0,0019969940185546875;1684978569,4832387
1684978569,5100927;0,0009992122650146484;1684978569,5160916
1684978569,7969124;0,0010225772857666016;1684978569,8028877
1684978569,9783475;0,001996278762817383;1684978569,9833474
1684978570,0089927;0,0010073184967041016;1684978570,0139909
1684978570,039922;0,001992940902709961;1684978570,045916
1684978570,3236372;0,0019927024841308594;1684978570,3296418
1684978570,3909273;0,002001047134399414;1684978570,3978965
1684978570,412007;0,001999378204345703;1684978570,4180017
1684978570,431435;0,001995563507080078;1684978570,437443
1684978570,5140743;0,004010915756225586;1684978570,5250847
1684978570,553786;0,001992464065551758;1684978570,5627878
1684978570,8601303;0,0029964447021484375;1684978570,8680868
1684978571,0068383;0,0019953250885009766;1684978571,0118358
1684978571,0417027;0,001993417739868164;1684978571,0467002
1684978571,076744;0,0009911060333251953;1684978571,0827785
1684978571,3552954;0,001999378204345703;1684978571,3622983
1684978571,431103;0,0019943714141845703;1684978571,4371018
1684978571,4516222;0,0030128955841064453;1684978571,4589446
1684978571,4695697;0,0019652843475341797;1684978571,4753854
1684978571,552894;0,0019981861114501953;1684978571,5599122
1684978571,5847147;0,0030040740966796875;1684978571,589715
1684978571,8991961;0,000995635986328125;1684978571,9041955
1684978572,085711;0,002994537353515625;1684978572,0937066
1684978572,1073596;0,0019989013671875;1684978572,1136377
1684978572,0657182;0,0018017292022705078;1684978572,1268666
1684978572,3836641;0,0020020008087158203;1684978572,3896668
1684978572,463061;0,001989126205444336;1684978572,46806
1684978572,496963;0,0010018348693847656;1684978572,5019648
1684978572,5158267;0,0019876956939697266;1684978572,522112
1684978572,615157;0,0019979476928710938;1684978572,6211712
1684978572,6394637;0,002006053924560547;1684978572,6444654
1684978572,949029;0,0020024776458740234;1684978572,9550285
1684978573,1446118;0,0029947757720947266;1684978573,1556087
1684978573,1724644;0,0019986629486083984;1684978573,1804523
1684978573,1764588;0,0028045177459716797;1684978573,1868262
1684978573,4160671;0,0020029544830322266;1684978573,4210718
1684978573,4952855;0,0009937286376953125;1684978573,5012817
1684978573,526137;0,0009996891021728516;1684978573,5311363
1684978573,5589855;0,0020041465759277344;1684978573,5659869
1684978573,6799982;0,002987384796142578;1684978573,688978
1684978573,6929789;0,0017075538635253906;1684978573,7003033
1684978573,9815776;0,0020971298217773438;1684978573,987673
1684978574,1967404;0,00212860107421875;1684978574,202746
1684978574,2146227;0,002000570297241211;1684978574,2215283
1684978574,2174988;0,0022614002227783203;1684978574,2273538
1684978574,4417417;0,001997709274291992;1684978574,4467387
1684978574,5369124;0,0020017623901367188;1684978574,5419214
1684978574,5658538;0,0010006427764892578;1684978574,5708551
1684978574,599717;0,001004934310913086;1684978574,6047153
1684978574,7349553;0,002008199691772461;1684978574,7429633
1684978574,7349553;0,003284931182861328;1684978574,7478533
1684978575,0231366;0,0019893646240234375;1684978575,0291402
1684978575,2253027;0,0010023117065429688;1684978575,2303042
1684978575,2601228;0,0010037422180175781;1684978575,2651203
1684978575,2621207;0,0010099411010742188;1684978575,2687962
1684978575,4743981;0,0019974708557128906;1684978575,4803917
1684978575,5880065;0,0030014514923095703;1684978575,5979886
1684978575,61366;0,001997232437133789;1684978575,6187575
1684978575,6335793;0,0010113716125488281;1684978575,6385949
1684978575,7996342;0,0010020732879638672;1684978575,806856
1684978575,8003092;0,002010345458984375;1684978575,8116782
1684978576,0844526;0,001990795135498047;1684978576,0894542
1684978576,2580926;0,0020029544830322266;1684978576,2640977
1684978576,287607;0,0025482177734375;1684978576,2980072
1684978576,3096933;0,002001047134399414;1684978576,3161952
1684978576,5080082;0,0009989738464355469;1684978576,5140104
1684978576,664298;0,0020110607147216797;1684978576,6763003
1684978576,6792965;0,0020008087158203125;1684978576,6877863
